Tier;FICO;Approve Date;Term;Amount;Previous APR;Car  Type;Competition APR;Accept;APR;Prime;Partner Bin
2;702;02-07-2002;60;22000; ;U;5,85;0;6,19;1,84;3
2;710;03-07-2002;60;21000; ;U;5,85;0;6,19;1,84;1
3;693;06-07-2002;60;19598; ;U;5,85;1;7,29;1,84;1
3;696;06-07-2002;60;23071; ;U;5,85;0;7,29;1,84;3
3;697;08-07-2002;60;21578; ;U;5,80;1;7,29;1,84;2
2;702;08-07-2002;60;20211; ;U;5,80;1;6,19;1,84;2
2;709;10-07-2002;60;21051; ;U;5,80;1;6,19;1,84;1
3;690;12-07-2002;60;21498; ;U;5,80;0;7,29;1,84;1
3;684;13-07-2002;60;18000; ;U;5,80;1;7,29;1,84;3
2;706;15-07-2002;60;24025; ;U;5,80;0;6,19;1,84;1
2;704;15-07-2002;60;23000; ;U;5,80;0;6,19;1,84;3
3;693;16-07-2002;60;19620; ;U;5,80;1;6,59;1,84;2
2;702;17-07-2002;60;24227; ;U;5,80;1;5,35;1,84;1
2;705;18-07-2002;60;21262; ;U;5,80;0;5,69;1,84;1
3;692;19-07-2002;60;25000; ;U;5,80;0;6,59;1,84;1
2;702;19-07-2002;60;19071; ;U;5,80;1;5,69;1,84;3
2;705;22-07-2002;60;20000; ;U;5,75;0;5,69;1,84;1
2;709;22-07-2002;60;21678; ;U;5,75;1;5,69;1,84;3
2;706;22-07-2002;60;23600; ;U;5,75;0;5,69;1,84;1
3;708;23-07-2002;60;18000; ;U;5,75;1;6,44;1,84;3
2;702;25-07-2002;60;20845; ;U;5,75;0;5,69;1,82;1
3;695;26-07-2002;60;25000; ;U;5,75;0;6,59;1,81;3
3;699;27-07-2002;60;23528; ;U;5,75;0;6,59;1,81;3
3;691;27-07-2002;60;18700; ;U;5,75;0;6,59;1,81;3
3;693;30-07-2002;60;22000; ;U;5,75;0;6,59;1,82;1
2;709;06-08-2002;60;24767; ;U;5,75;0;5,35;1,78;3
3;688;07-08-2002;60;20000; ;U;5,75;0;6,44;1,78;3
2;711;09-08-2002;60;20827; ;U;5,75;1;5,35;1,78;3
3;688;10-08-2002;60;23543; ;U;5,75;0;6,44;1,78;1
3;685;11-08-2002;60;18151; ;U;5,75;1;5,76;1,78;1
3;685;11-08-2002;60;19465; ;U;5,75;1;6,44;1,78;3
2;704;13-08-2002;60;18513; ;U;5,75;1;5,35;1,78;3
3;688;14-08-2002;60;18004; ;U;5,75;1;6,44;1,78;3
2;712;15-08-2002;60;22000; ;U;5,75;0;5,35;1,79;1
2;706;15-08-2002;60;21006; ;U;5,75;1;5,35;1,79;3
3;694;18-08-2002;60;20590; ;U;5,75;1;6,44;1,80;1
3;693;19-08-2002;60;17850; ;U;5,75;0;6,44;1,81;3
3;711;22-08-2002;60;18971; ;U;5,75;1;5,99;1,81;3
2;711;23-08-2002;60;25000; ;U;5,75;0;4,89;1,81;1
3;693;23-08-2002;60;20640; ;U;5,75;1;6,44;1,81;2
2;707;25-08-2002;60;25000; ;U;5,75;0;5,35;1,81;1
2;704;26-08-2002;60;19160; ;U;5,75;0;5,35;1,81;1
3;695;27-08-2002;60;20387; ;U;5,75;1;5,98;1,81;3
2;709;29-08-2002;60;18110; ;U;5,75;1;5,35;1,82;2
2;703;29-08-2002;60;18556; ;U;5,75;1;5,35;1,82;2
2;704;30-08-2002;60;22396; ;U;5,75;1;5,35;1,82;1
2;700;30-08-2002;60;20049; ;U;5,75;1;5,35;1,82;1
2;710;02-09-2002;60;23634; ;U;5,75;1;5,35;1,82;2
3;694;02-09-2002;60;25000; ;U;5,75;0;6,44;1,82;1
2;700;04-09-2002;60;19730; ;U;5,75;0;5,35;1,81;1
3;693;04-09-2002;60;20941; ;U;5,75;0;6,44;1,81;1
2;708;05-09-2002;60;19683; ;U;5,75;1;5,35;1,81;3
3;685;05-09-2002;60;24000; ;U;5,75;0;6,44;1,81;3
3;687;07-09-2002;60;19000; ;U;5,75;1;6,44;1,81;3
2;712;06-09-2002;60;22041; ;U;5,75;0;5,35;1,81;3
3;692;08-09-2002;60;18425; ;U;5,75;0;6,44;1,81;3
3;684;08-09-2002;60;19954; ;U;5,75;0;6,44;1,81;1
2;709;09-09-2002;60;18915; ;U;5,75;1;5,35;1,81;1
3;691;10-09-2002;60;20161; ;U;5,75;1;6,44;1,82;3
3;685;09-09-2002;60;20984; ;U;5,75;0;6,44;1,81;1
2;712;17-09-2002;60;25000; ;U;5,75;0;5,35;1,82;3
2;703;17-09-2002;60;19570; ;U;5,75;1;5,35;1,82;1
3;699;19-09-2002;60;22000; ;U;5,75;0;6,44;1,82;1
3;694;23-09-2002;60;23216; ;U;5,50;0;4,89;1,81;1
3;693;26-09-2002;60;17850; ;U;5,50;1;5,98;1,81;1
3;692;26-09-2002;60;21800; ;U;5,50;1;6,14;1,81;1
3;696;27-09-2002;60;25000; ;U;5,50;1;6,14;1,82;3
3;687;30-09-2002;60;21500; ;U;5,50;0;6,14;1,81;1
3;685;30-09-2002;60;20000; ;U;5,50;1;5,59;1,81;3
3;692;30-09-2002;60;23354; ;U;5,50;0;6,14;1,81;3
3;698;30-09-2002;60;18500; ;U;5,50;0;6,14;1,81;3
2;712;30-09-2002;60;22862; ;U;5,50;1;4,93;1,81;1
3;698;02-10-2002;60;21079; ;U;5,50;1;6,14;1,80;3
3;697;06-10-2002;60;22000; ;U;5,50;0;6,14;1,80;1
2;701;07-10-2002;60;23515; ;U;5,50;1;4,93;1,80;3
2;702;07-10-2002;60;24198; ;U;5,50;0;4,89;1,80;1
2;708;07-10-2002;60;21000; ;U;5,50;1;4,89;1,80;1
2;710;08-10-2002;60;21000; ;U;5,50;0;4,95;1,80;3
3;701;09-10-2002;60;20000; ;U;5,50;0;5,99;1,80;3
3;685;09-10-2002;60;24000; ;U;5,50;0;4,89;1,80;3
3;690;12-10-2002;60;19998; ;U;5,40;1;6,2;1,80;1
3;693;12-10-2002;60;20043; ;U;5,40;1;6,14;1,80;3
3;694;14-10-2002;60;18502; ;U;5,40;1;5,19;1,81;3
3;684;14-10-2002;60;20000; ;U;5,40;0;6,99;1,81;1
2;702;17-10-2002;60;20000; ;U;5,40;1;4,69;1,83;1
2;709;17-10-2002;60;22700; ;U;5,40;1;4,69;1,83;3
2;701;16-10-2002;60;17879; ;U;5,40;1;4,59;1,82;3
3;684;17-10-2002;60;19000; ;U;5,40;0;6,99;1,83;3
2;707;18-10-2002;60;23829; ;U;5,40;1;4,89;1,83;1
2;708;19-10-2002;60;18251; ;U;5,40;1;4,93;1,83;1
1;708;28-10-2002;60;24800; ;U;5,40;0;4,89;1,80;1
3;686;21-10-2002;60;20500; ;U;5,40;1;6,14;1,83;1
2;704;20-10-2002;60;24000; ;U;5,40;1;4,59;1,83;3
2;706;22-10-2002;60;24440; ;U;5,40;0;4,89;1,83;1
2;709;22-10-2002;60;24000; ;U;5,40;0;4,89;1,83;3
2;707;26-10-2002;60;20205; ;U;5,40;0;6,99;1,82;1
2;702;26-10-2002;60;18000; ;U;5,40;0;5,25;1,82;3
2;701;28-10-2002;60;23978; ;U;5,40;1;5,25;1,80;1
2;703;28-10-2002;60;23687; ;U;5,40;1;5,25;1,80;3
2;703;28-10-2002;60;19350; ;U;5,40;1;5,25;1,80;1
2;700;28-10-2002;60;24000; ;U;5,40;1;5,25;1,80;2
2;701;29-10-2002;60;21520; ;U;5,40;1;5,25;1,79;3
3;689;30-10-2002;60;21837; ;U;5,40;1;5,98;1,74;1
3;696;30-10-2002;60;18600; ;U;5,40;1;6,14;1,74;3
3;689;30-10-2002;60;22000; ;U;5,40;0;5,7;1,74;1
3;699;31-10-2002;60;23716; ;U;5,40;1;6,14;1,72;3
3;689;02-11-2002;60;20100; ;U;5,40;1;5,99;1,69;1
3;688;02-11-2002;60;18166; ;U;5,40;1;5,64;1,69;1
2;706;03-11-2002;60;23600; ;U;5,40;0;4,64;1,69;1
2;712;04-11-2002;60;21213; ;U;5,40;1;5,14;1,65;1
3;698;05-11-2002;60;25000; ;U;5,40;0;6,99;1,64;1
3;686;06-11-2002;60;22000; ;U;5,40;0;5,99;1,63;1
3;698;06-11-2002;60;23500; ;U;5,40;0;6,14;1,63;1
3;692;07-11-2002;60;22000; ;U;5,40;0;5,98;1,38;3
2;702;09-11-2002;60;20681; ;U;5,40;1;4,89;1,38;1
2;707;09-11-2002;60;19958; ;U;5,40;1;5,14;1,38;1
2;704;10-11-2002;60;18782; ;U;5,40;1;4,69;1,38;3
2;710;11-11-2002;60;22807; ;U;5,40;1;4,59;1,38;3
2;708;12-11-2002;60;24000; ;U;5,40;1;4,69;1,38;2
2;707;13-11-2002;60;22513; ;U;5,40;1;4,59;1,38;2
3;699;13-11-2002;60;22962; ;U;5,40;1;6,99;1,38;1
2;708;14-11-2002;60;21304; ;U;5,40;1;4,64;1,38;1
3;696;15-11-2002;60;19380; ;U;5,40;0;6,14;1,39;3
3;692;18-11-2002;60;18816; ;U;5,40;1;6,99;1,39;1
3;693;19-11-2002;60;25000; ;U;5,40;0;6,14;1,39;3
3;691;19-11-2002;60;23000; ;U;5,40;0;5,59;1,39;1
2;705;19-11-2002;60;19500; ;U;5,40;0;5,14;1,39;3
3;690;19-11-2002;60;20500; ;U;5,40;0;6,14;1,39;3
2;701;25-11-2002;60;18549; ;U;5,40;1;4,69;1,38;3
3;694;25-11-2002;60;22000; ;U;5,40;0;5,59;1,38;1
3;696;27-11-2002;60;22000; ;U;5,40;0;5,98;1,38;3
2;709;28-11-2002;60;25000; ;U;5,40;1;4,99;1,44;1
3;688;01-12-2002;60;21754; ;U;5,40;1;5,99;1,44;1
2;710;02-12-2002;60;19000; ;U;5,40;1;4,99;1,44;1
2;707;02-12-2002;60;25000; ;U;5,40;0;4,99;1,44;1
3;691;06-12-2002;60;24000; ;U;5,40;1;5,98;1,43;3
2;703;07-12-2002;60;19889; ;U;5,40;0;4,99;1,43;1
2;709;07-12-2002;60;22081; ;U;5,40;1;4,99;1,43;1
2;707;09-12-2002;60;24169; ;U;5,40;0;4,99;1,42;1
3;694;10-12-2002;60;17836; ;U;5,40;1;5,7;1,42;1
2;707;10-12-2002;60;22406; ;U;5,40;0;4,99;1,42;1
2;700;11-12-2002;60;20000; ;U;5,40;0;4,99;1,42;1
3;688;21-12-2002;60;24299; ;U;5,20;1;5,79;1,42;2
2;706;21-12-2002;60;22649; ;U;5,20;1;4,79;1,42;3
2;702;22-12-2002;60;18706; ;U;5,20;1;4,99;1,42;1
2;703;22-12-2002;60;24377; ;U;5,20;1;4,99;1,42;1
2;709;26-12-2002;60;18027; ;U;5,20;1;4,99;1,42;1
2;702;27-12-2002;60;24663; ;U;5,20;1;4,79;1,42;3
2;700;27-12-2002;60;18839; ;U;5,20;1;4,99;1,42;1
2;711;27-12-2002;60;18591; ;U;5,20;1;4,95;1,42;3
3;686;29-12-2002;60;22490; ;U;5,20;1;6,29;1,42;1
3;697;03-01-2003;60;19409; ;U;5,20;1;5,99;1,38;1
2;706;06-01-2003;60;17942; ;U;5,20;1;4,79;1,38;1
2;709;09-01-2003;60;19581; ;U;5,20;1;4,99;1,38;1
2;704;13-01-2003;60;21740; ;U;5,20;1;4,79;1,37;3
2;701;14-01-2003;60;17915; ;U;5,20;1;4,85;1,37;1
3;699;14-01-2003;60;22565; ;U;5,20;1;5,15;1,37;1
2;702;16-01-2003;60;21175; ;U;5,20;1;4,85;1,36;3
2;706;17-01-2003;60;18446; ;U;5,20;1;4,34;1,36;1
3;694;17-01-2003;60;18299; ;U;5,20;1;5,15;1,36;3
3;692;19-01-2003;60;17837; ;U;5,20;1;5,15;1,36;3
3;686;19-01-2003;60;24060; ;U;5,20;1;5,15;1,36;2
3;686;19-01-2003;60;23376; ;U;5,20;0;5,15;1,36;2
2;708;22-01-2003;60;19291; ;U;5,20;1;4,85;1,36;1
3;692;23-01-2003;60;19322; ;U;5,20;1;5,15;1,35;1
2;711;23-01-2003;60;24443; ;U;5,20;1;4,85;1,35;2
3;691;25-01-2003;60;23128; ;U;5,20;1;5,15;1,35;2
3;690;28-01-2003;60;20255; ;U;5,20;1;5,15;1,34;2
3;696;27-01-2003;60;19403; ;U;5,20;1;5,15;1,34;1
2;711;28-01-2003;60;22734; ;U;5,20;1;4,85;1,34;3
2;711;29-01-2003;60;19858; ;U;5,20;1;4,85;1,34;1
2;702;30-01-2003;60;17815; ;U;5,20;1;4,85;1,34;1
2;708;02-02-2003;60;20000; ;U;5,20;1;4,85;1,34;2
3;685;03-02-2003;60;19776; ;U;5,20;1;5,15;1,34;2
2;706;04-02-2003;60;18228; ;U;5,20;1;4,85;1,34;3
2;705;04-02-2003;60;21060; ;U;5,20;1;4,85;1,34;3
3;697;05-02-2003;60;21994; ;U;5,20;1;5,09;1,34;2
2;706;06-02-2003;60;19245; ;U;5,20;1;4,85;1,34;1
2;708;07-02-2003;60;22355; ;U;5,20;1;4,34;1,34;3
2;708;08-02-2003;60;20170; ;U;5,20;1;4,34;1,34;1
2;708;09-02-2003;60;24343; ;U;5,20;1;4,34;1,34;3
3;697;09-02-2003;60;22060; ;U;5,20;1;5,15;1,34;2
2;709;10-02-2003;60;21174; ;U;5,20;1;4,49;1,34;1
2;702;10-02-2003;60;24925; ;U;5,20;1;4,34;1,34;2
2;702;12-02-2003;60;20000; ;U;5,20;1;4,34;1,34;1
3;690;12-02-2003;60;20776; ;U;5,20;1;5,15;1,34;3
3;693;12-02-2003;60;20898; ;U;5,20;1;5,15;1,34;1
3;698;15-02-2003;60;22915; ;U;4,69;1;5,15;1,34;3
3;697;15-02-2003;60;21558; ;U;4,69;1;5,15;1,34;3
3;685;16-02-2003;60;22784; ;U;4,69;1;5,15;1,34;1
2;701;20-02-2003;60;25000; ;U;4,69;1;4,34;1,34;1
2;711;20-02-2003;60;20703; ;U;4,69;1;4,34;1,34;2
2;712;21-02-2003;60;18425; ;U;4,69;1;4,34;1,34;3
2;704;24-02-2003;60;24000; ;U;4,69;1;4,64;1,34;2
2;702;24-02-2003;60;21000; ;U;4,69;1;4,34;1,34;1
3;692;25-02-2003;60;18531; ;U;4,69;1;5,15;1,34;1
2;710;25-02-2003;60;19804; ;U;4,69;1;4,49;1,34;1
3;698;27-02-2003;60;24000; ;U;4,69;1;5,15;1,34;3
3;694;27-02-2003;60;22339; ;U;4,69;1;5,15;1,34;3
2;704;27-02-2003;60;19597; ;U;4,69;1;4,64;1,34;3
2;705;27-02-2003;60;24549; ;U;4,69;1;4,49;1,34;3
3;698;28-02-2003;60;19177; ;U;4,69;1;5,15;1,34;1
3;695;01-03-2003;60;19680; ;U;4,69;1;5,15;1,34;1
2;701;02-03-2003;60;22001; ;U;4,69;1;4,49;1,34;3
2;705;01-03-2003;60;19061; ;U;4,69;1;4,34;1,34;3
3;698;04-03-2003;60;21863; ;U;4,69;1;5,15;1,33;1
2;708;05-03-2003;60;19602; ;U;4,69;1;4,34;1,33;1
2;702;05-03-2003;60;19154; ;U;4,69;1;4,34;1,33;3
3;699;07-03-2003;60;18000; ;U;4,69;1;5,15;1,32;3
2;702;07-03-2003;60;22721; ;U;4,69;1;4,34;1,32;1
2;702;08-03-2003;60;18200; ;U;4,69;1;4,39;1,32;1
3;690;09-03-2003;60;18345; ;U;4,69;1;5,15;1,32;1
3;684;09-03-2003;60;22210; ;U;4,69;1;5,15;1,32;1
2;706;08-03-2003;60;18054; ;U;4,69;1;4,34;1,32;3
2;708;09-03-2003;60;18105; ;U;4,69;1;4,34;1,32;3
3;695;09-03-2003;60;19841; ;U;4,69;1;5,15;1,32;1
2;703;10-03-2003;60;20954; ;U;4,69;1;4,34;1,29;3
3;684;11-03-2003;60;17991; ;U;4,69;1;5,09;1,27;1
3;692;11-03-2003;60;23163; ;U;4,69;1;5,15;1,27;3
2;705;11-03-2003;60;24500; ;U;4,69;1;4,08;1,27;1
3;687;12-03-2003;60;20789; ;U;4,69;1;5,15;1,27;3
3;696;13-03-2003;60;19977; ;U;4,69;1;5,15;1,28;1
2;701;14-03-2003;60;19171; ;U;4,69;1;4,2;1,30;1
2;705;14-03-2003;60;23500; ;U;4,69;1;4,49;1,30;3
3;690;17-03-2003;60;19017; ;U;4,69;1;5,15;1,28;1
2;702;19-03-2003;60;23924; ;U;4,69;1;4,85;1,30;1
2;707;21-03-2003;60;23718; ;U;4,69;1;4,25;1,31;3
2;703;23-03-2003;60;20615; ;U;4,69;1;4,35;1,31;1
3;698;24-03-2003;60;22858; ;U;4,69;1;5,15;1,31;2
2;703;24-03-2003;60;20348; ;U;4,69;1;4,49;1,31;3
3;697;24-03-2003;60;20993; ;U;4,69;1;5,15;1,31;3
3;686;18-04-2003;60;22770; ;U;4,69;1;5,15;1,32;3
2;702;26-03-2003;60;25000; ;U;4,69;1;4,64;1,31;1
2;705;27-03-2003;60;18668; ;U;4,69;1;4,35;1,31;1
3;689;29-03-2003;60;25000; ;U;4,69;1;4,99;1,31;3
3;691;28-03-2003;60;23000; ;U;4,69;1;5,15;1,31;3
3;699;29-03-2003;60;22365; ;U;4,69;1;5,15;1,31;1
3;696;30-03-2003;60;20000; ;U;4,69;1;5,15;1,31;3
2;704;31-03-2003;60;23428; ;U;4,69;1;4,35;1,30;1
3;687;31-03-2003;60;18200; ;U;4,69;1;4,99;1,30;1
3;687;31-03-2003;60;19285; ;U;4,69;1;5,15;1,30;3
3;689;04-04-2003;60;19183; ;U;4,69;1;5,15;1,30;1
2;710;08-04-2003;60;21726; ;U;4,69;1;4,85;1,31;3
3;685;08-04-2003;60;22600; ;U;4,69;1;4,65;1,31;2
2;711;10-04-2003;60;22260; ;U;4,69;1;4,85;1,30;1
3;696;11-04-2003;60;21722; ;U;4,69;1;5,15;1,31;3
3;699;15-04-2003;60;20996; ;U;4,69;1;5,15;1,32;1
2;705;16-04-2003;60;24329; ;U;4,69;1;4,35;1,33;3
2;705;18-04-2003;60;20994; ;U;4,69;1;4,35;1,32;1
3;694;21-04-2003;60;18998; ;U;4,69;1;5,15;1,32;1
2;703;22-04-2003;60;20940; ;U;4,69;1;4,35;1,32;1
1;705;22-04-2003;60;24357; ;U;4,69;1;4,49;1,32;3
3;691;22-04-2003;60;24000; ;U;4,69;1;4,65;1,32;3
3;696;25-04-2003;60;20246; ;U;4,69;1;5,15;1,32;3
2;708;25-04-2003;60;19663; ;U;4,69;1;4,49;1,32;3
3;695;26-04-2003;60;23535; ;U;4,69;1;4,95;1,32;1
2;711;28-04-2003;60;20339; ;U;4,69;1;4,35;1,32;1
3;694;30-04-2003;60;19329; ;U;4,69;1;5,15;1,32;1
2;705;01-05-2003;60;18383; ;U;4,69;1;4,35;1,31;3
3;698;01-05-2003;60;21633; ;U;4,69;1;5,15;1,31;1
2;707;02-05-2003;60;20407; ;U;4,69;1;4,35;1,31;3
2;709;05-05-2003;60;24444; ;U;4,69;1;4,85;1,31;1
2;707;07-05-2003;60;20597; ;U;4,69;1;4,49;1,31;3
2;712;09-05-2003;60;22305; ;U;4,69;1;4,35;1,31;1
3;687;12-05-2003;60;20072; ;U;4,69;1;6,49;1,31;3
2;700;11-05-2003;60;20745; ;U;4,69;1;4,35;1,31;3
3;686;13-05-2003;60;18451; ;U;4,69;1;5,15;1,31;1
3;698;14-05-2003;60;20644; ;U;4,69;1;5,15;1,31;3
2;702;13-05-2003;60;24050; ;U;4,69;1;4,35;1,31;1
3;698;15-05-2003;60;21554; ;U;4,69;1;5,15;1,32;1
2;711;15-05-2003;60;19309; ;U;4,69;1;4,85;1,32;3
2;704;17-05-2003;60;20000; ;U;4,69;1;4,85;1,32;1
3;686;18-05-2003;60;21320; ;U;4,69;1;5,15;1,32;1
3;690;19-05-2003;60;18342; ;U;4,69;1;4,65;1,32;1
2;707;22-05-2003;60;23615; ;U;4,69;1;4,35;1,32;1
2;706;22-05-2003;60;20675; ;U;4,69;1;4,35;1,32;3
3;689;22-05-2003;60;23500; ;U;4,69;1;4,99;1,32;3
3;689;23-05-2003;60;19521; ;U;4,49;1;5,15;1,32;1
3;696;23-05-2003;60;25000; ;U;4,49;1;4,95;1,32;1
2;708;24-05-2003;60;19357; ;U;4,49;1;4,64;1,32;1
2;709;30-05-2003;60;19609; ;U;4,49;1;4,29;1,32;2
3;686;31-05-2003;60;20257; ;U;4,49;1;4,95;1,32;3
2;703;31-05-2003;60;22721; ;U;4,49;1;4,29;1,32;1
2;712;02-06-2003;60;18330; ;U;4,49;1;4,49;1,32;1
2;709;02-06-2003;60;21343; ;U;4,49;1;4,35;1,32;3
3;689;02-06-2003;60;20000; ;U;4,49;1;5,15;1,32;3
2;705;02-06-2003;60;23045; ;U;4,49;1;4,49;1,32;1
2;701;03-06-2003;60;18732; ;U;4,49;1;4,35;1,32;1
2;712;04-06-2003;60;24912; ;U;4,49;1;4,29;1,31;3
3;695;05-06-2003;60;20590; ;U;4,49;1;5,15;1,29;3
3;690;07-06-2003;60;19685; ;U;4,49;1;5,15;1,27;3
2;700;10-06-2003;60;24000; ;U;4,29;1;4,29;1,25;3
2;711;12-06-2003;60;18408; ;U;4,29;1;4,35;1,18;1
2;707;15-06-2003;60;18614; ;U;4,29;1;4,85;1,14;1
2;707;16-06-2003;60;19476; ;U;4,29;1;4,35;1,11;3
2;700;20-06-2003;60;21903; ;U;4,29;1;4,35;1,04;3
2;703;21-06-2003;60;18000; ;U;4,29;1;4,35;1,04;3
2;707;23-06-2003;60;19438; ;U;4,29;1;4,29;1,04;3
2;711;23-06-2003;60;17987; ;U;4,29;1;4,35;1,04;3
2;712;23-06-2003;60;22800; ;U;4,29;1;4,29;1,04;1
2;711;23-06-2003;60;20070; ;U;4,29;1;4,35;1,04;1
3;698;26-06-2003;60;24482; ;U;4,29;1;5,15;1,11;3
2;707;27-06-2003;60;21618; ;U;4,09;1;4,49;1,12;1
2;701;28-06-2003;60;22999; ;U;4,09;1;4,35;1,12;3
3;692;01-07-2003;60;21673; ;U;4,09;1;5,15;1,12;1
3;699;01-07-2003;60;20000; ;U;4,09;1;5,15;1,12;1
2;705;01-07-2003;60;20131; ;U;4,09;1;4,29;1,12;1
3;690;01-07-2003;60;21960; ;U;4,09;1;4,89;1,12;1
2;702;01-07-2003;60;22501; ;U;4,09;1;4,35;1,12;1
3;686;02-07-2003;60;18837; ;U;4,09;1;5,15;1,12;3
3;696;08-07-2003;60;19535; ;U;4,09;1;5,15;1,11;1
2;708;04-07-2003;60;23451; ;U;4,09;1;4,35;1,12;1
2;710;07-07-2003;60;22800; ;U;4,09;1;4,29;1,11;1
3;687;09-07-2003;60;22717; ;U;4,09;1;5,15;1,11;3
3;685;09-07-2003;60;23000; ;U;4,09;1;5,15;1,11;1
2;708;16-07-2003;60;18949; ;U;4,09;1;4,29;1,10;1
2;702;18-07-2003;60;22778; ;U;4,09;1;4,35;1,10;3
3;687;18-07-2003;60;24862; ;U;4,09;1;5,15;1,10;1
3;687;21-07-2003;60;24479; ;U;4,09;1;5,15;1,10;3
2;702;21-07-2003;60;18140; ;U;4,09;1;4,35;1,10;1
3;693;21-07-2003;60;25000; ;U;4,09;1;4,65;1,10;1
2;705;23-07-2003;60;18094; ;U;4,09;1;4,35;1,10;3
2;704;24-07-2003;60;23010; ;U;4,09;1;4,49;1,10;1
3;690;25-07-2003;60;18590; ;U;4,29;1;5,15;1,10;1
3;686;25-07-2003;60;17984; ;U;4,29;1;5,15;1,10;1
2;706;28-07-2003;60;23251; ;U;4,29;1;4,35;1,10;3
3;690;29-07-2003;60;18256; ;U;4,29;1;5,15;1,10;1
2;706;30-07-2003;60;23420; ;U;4,29;1;4,35;1,10;1
2;706;01-08-2003;60;20087; ;U;4,29;1;4,35;1,11;3
2;703;05-08-2003;60;22100; ;U;4,55;1;4,89;1,11;1
3;685;06-08-2003;60;21505; ;U;4,55;1;5,55;1,11;3
3;685;06-08-2003;60;18562; ;U;4,55;0;5,55;1,11;3
2;711;06-08-2003;60;19995; ;U;4,55;1;4,89;1,11;3
2;702;07-08-2003;60;21000; ;U;4,55;1;4,89;1,11;3
3;694;07-08-2003;60;17815; ;U;4,55;1;5,55;1,11;3
2;701;07-08-2003;60;19669; ;U;4,55;1;4,89;1,11;3
3;690;07-08-2003;60;19705; ;U;4,55;1;5,55;1,11;1
2;711;08-08-2003;60;20190; ;U;4,55;1;4,89;1,11;1
2;708;08-08-2003;60;23102; ;U;4,55;1;4,84;1,11;3
3;691;12-08-2003;60;22724; ;U;4,55;1;5,55;1,11;1
2;708;14-08-2003;60;23963; ;U;4,79;1;4,89;1,11;3
2;703;15-08-2003;60;23612; ;U;4,79;1;5,09;1,11;1
2;707;25-08-2003;60;24465; ;U;4,79;1;4,99;1,11;1
3;696;26-08-2003;60;22530; ;U;4,79;1;5,69;1,11;1
3;692;28-08-2003;60;18400; ;U;4,79;1;5,69;1,12;1
3;690;29-08-2003;60;20557; ;U;4,79;1;5,69;1,12;3
3;689;30-08-2003;60;24000; ;U;4,79;1;5,69;1,12;1
3;689;30-08-2003;60;20287; ;U;4,79;1;5,69;1,12;3
3;693;01-09-2003;60;24580; ;U;4,79;1;5,69;1,12;1
3;689;03-09-2003;60;18405; ;U;4,79;1;5,69;1,12;1
2;705;06-09-2003;60;19315; ;U;4,79;1;4,99;1,12;3
2;705;06-09-2003;60;19707; ;U;4,79;1;4,99;1,12;1
3;691;08-09-2003;60;19000; ;U;4,79;1;5,69;1,12;3
3;684;09-09-2003;60;19309; ;U;4,79;1;5,69;1,12;3
2;706;09-09-2003;60;22956; ;U;4,79;1;4,99;1,12;1
2;712;10-09-2003;60;22683; ;U;4,79;1;4,99;1,12;1
3;696;29-09-2003;60;24000; ;U;4,59;1;5,69;1,12;1
3;688;11-09-2003;60;22792; ;U;4,79;1;5,69;1,12;1
3;693;12-09-2003;60;23747; ;U;4,79;1;5,69;1,12;3
2;706;12-09-2003;60;23812; ;U;4,79;1;4,99;1,12;1
3;690;16-09-2003;60;22416; ;U;4,79;1;5,69;1,12;1
3;685;15-09-2003;60;18000; ;U;4,79;1;5,69;1,12;3
2;707;17-09-2003;60;21500; ;U;4,79;1;4,99;1,12;1
2;709;21-09-2003;60;21640; ;U;4,79;1;4,99;1,12;1
3;696;27-09-2003;60;19338; ;U;4,59;1;5,69;1,12;3
3;692;28-09-2003;60;21043; ;U;4,59;1;5,69;1,12;1
2;708;30-09-2003;60;23535; ;U;4,59;1;4,99;1,12;3
3;690;30-09-2003;60;22896; ;U;4,59;1;5,69;1,12;3
3;687;06-10-2003;60;20529; ;U;4,55;1;5,69;1,12;1
2;711;06-10-2003;60;19005; ;U;4,55;1;4,99;1,12;3
2;712;06-10-2003;60;21154; ;U;4,55;1;4,99;1,12;1
3;689;06-10-2003;60;21670; ;U;4,55;1;5,69;1,12;1
2;709;06-10-2003;60;21674; ;U;4,55;1;4,99;1,12;3
3;698;08-10-2003;60;21716; ;U;4,55;1;5,69;1,12;3
3;689;13-10-2003;60;19678; ;U;4,55;1;5,69;1,12;3
3;685;13-10-2003;60;22016; ;U;4,55;1;5,69;1,12;1
2;706;13-10-2003;60;18319; ;U;4,55;1;4,99;1,12;1
2;705;13-10-2003;60;17916; ;U;4,55;1;5,19;1,12;1
3;689;16-10-2003;60;22439; ;U;4,55;1;5,69;1,12;3
2;703;16-10-2003;60;19016; ;U;4,55;1;4,99;1,12;3
2;704;19-10-2003;60;18676; ;U;4,55;1;4,99;1,12;1
3;695;20-10-2003;60;21400; ;U;4,55;1;5,69;1,12;1
3;699;21-10-2003;60;23071; ;U;4,55;1;5,69;1,12;1
3;692;22-10-2003;60;20000; ;U;4,55;1;5,69;1,12;1
2;703;25-10-2003;60;23549; ;U;4,65;1;4,99;1,12;3
3;696;27-10-2003;60;23010; ;U;4,65;1;5,69;1,12;1
3;684;28-10-2003;60;20495; ;U;4,65;1;5,69;1,12;3
3;690;28-10-2003;60;24179; ;U;4,65;1;5,69;1,12;1
2;709;29-10-2003;60;18341; ;U;4,65;1;4,99;1,12;1
2;706;30-10-2003;60;19000; ;U;4,65;1;4,99;1,12;1
2;702;01-11-2003;60;19424; ;U;4,65;1;4,99;1,12;1
1;697;13-11-2003;60;24948; ;U;4,65;1;4,65;1,12;1
2;712;17-11-2003;60;24785; ;U;4,79;1;5,19;1,12;1
3;690;18-11-2003;60;20856; ;U;4,79;1;5,99;1,12;1
3;696;18-11-2003;60;23654; ;U;4,79;1;5,99;1,12;1
2;686;20-11-2003;60;24123; ;U;4,79;1;5,19;1,12;1
3;693;21-11-2003;60;22469; ;U;4,79;1;5,99;1,12;1
3;710;24-11-2003;60;17958; ;U;4,79;1;5,29;1,12;1
2;703;25-11-2003;60;24701; ;U;4,79;1;5,19;1,12;1
2;700;28-11-2003;60;23511; ;U;4,79;1;5,19;1,17;3
2;708;30-11-2003;60;18509; ;U;4,79;1;5,19;1,17;1
2;694;01-12-2003;60;22650; ;U;4,79;1;5,19;1,17;3
2;708;02-12-2003;60;19711; ;U;4,79;1;5,19;1,17;3
2;708;03-12-2003;60;20567; ;U;4,79;1;5,19;1,17;1
2;698;05-12-2003;60;21750; ;U;4,79;1;5,19;1,17;1
2;705;05-12-2003;60;24071; ;U;4,79;1;5,19;1,17;1
1;709;08-12-2003;60;21842; ;U;4,99;1;4,79;1,17;3
2;693;14-12-2003;60;19052; ;U;4,99;1;5,89;1,15;1
2;701;16-12-2003;60;22618; ;U;4,99;0;5,89;1,15;1
2;712;16-12-2003;60;25000; ;U;4,99;0;5,89;1,15;1
1;712;18-12-2003;60;20000; ;U;4,99;0;4,85;1,15;3
2;708;19-12-2003;60;18897; ;U;4,99;0;5,89;1,15;1
1;691;20-12-2003;60;18950; ;U;4,99;1;4,99;1,15;1
3;686;20-12-2003;60;17985; ;U;4,99;1;6,19;1,15;1
1;693;20-12-2003;60;23500; ;U;4,99;1;4,99;1,15;2
2;684;21-12-2003;60;18488; ;U;4,99;1;5,89;1,15;3
3;691;21-12-2003;60;19999; ;U;4,99;0;6,19;1,15;2
2;707;22-12-2003;60;23856; ;U;4,99;0;5,89;1,14;3
2;688;22-12-2003;60;20670; ;U;4,99;1;5,89;1,14;3
2;706;22-12-2003;60;18000; ;U;4,99;0;5,89;1,14;3
3;691;22-12-2003;60;20000; ;U;4,99;0;6,19;1,14;2
3;687;26-12-2003;60;23067; ;U;4,99;0;6,19;1,14;2
2;703;22-12-2003;60;20493; ;U;4,99;1;5,89;1,14;3
2;685;22-12-2003;60;23000; ;U;4,99;0;5,89;1,14;2
3;695;23-12-2003;60;19000; ;U;4,99;0;6,19;1,14;3
2;708;23-12-2003;60;24894; ;U;4,99;0;5,89;1,14;2
3;699;24-12-2003;60;25000; ;U;4,99;0;6,19;1,14;1
3;699;26-12-2003;60;20595; ;U;4,99;0;6,19;1,14;2
3;687;26-12-2003;60;20428; ;U;4,99;0;6,19;1,14;1
2;712;28-12-2003;60;19500; ;U;4,99;0;5,89;1,14;3
2;704;27-12-2003;60;19999; ;U;4,99;1;5,89;1,14;2
3;700;27-12-2003;60;18411; ;U;4,99;1;5,89;1,14;1
2;701;28-12-2003;60;20000; ;U;4,99;0;5,89;1,14;1
2;710;31-12-2003;60;20000; ;U;4,99;0;5,89;1,12;2
3;693;29-12-2003;60;21500; ;U;4,99;0;6,19;1,13;3
2;703;29-12-2003;60;22000; ;U;4,99;0;5,89;1,13;1
3;687;29-12-2003;60;21999; ;U;4,99;0;6,19;1,13;1
3;695;30-12-2003;60;20000; ;U;4,99;1;6,19;1,12;2
3;698;30-12-2003;60;23170; ;U;4,99;0;6,19;1,12;2
2;710;31-12-2003;60;19000; ;U;4,99;0;5,89;1,12;3
3;687;31-12-2003;60;22000; ;U;4,99;0;6,19;1,12;1
3;697;02-01-2004;60;21000; ;U;4,99;0;6,19;1,12;2
2;691;02-01-2004;60;25000; ;U;4,99;0;5,89;1,12;3
3;696;03-01-2004;60;22889; ;U;4,99;1;6,19;1,12;2
2;706;03-01-2004;60;21187; ;U;4,99;0;5,89;1,12;1
2;703;03-01-2004;60;25000; ;U;4,99;1;5,89;1,12;1
2;711;03-01-2004;60;24355; ;U;4,99;1;5,89;1,12;2
3;695;03-01-2004;60;25000; ;U;4,99;0;6,19;1,12;3
3;688;04-01-2004;60;25000; ;U;4,99;0;6,19;1,12;1
3;687;05-01-2004;60;19499; ;U;4,99;0;6,19;1,12;3
3;689;05-01-2004;60;25000; ;U;4,99;0;6,19;1,12;3
2;698;05-01-2004;60;21166; ;U;4,99;1;5,89;1,12;2
3;693;05-01-2004;60;25000; ;U;4,99;0;6,19;1,12;2
2;706;05-01-2004;60;23000; ;U;4,99;0;5,89;1,12;1
3;685;06-01-2004;60;19500; ;U;4,99;0;6,19;1,12;3
3;693;06-01-2004;60;21400; ;U;4,99;1;6,19;1,12;2
3;694;07-01-2004;60;21898; ;U;4,99;0;6,19;1,11;2
3;690;07-01-2004;60;22000; ;U;4,99;0;6,19;1,11;1
3;687;07-01-2004;60;20000; ;U;4,99;0;6,19;1,11;2
3;696;07-01-2004;60;19200; ;U;4,99;0;6,19;1,11;3
2;701;07-01-2004;60;20000; ;U;4,99;0;5,89;1,11;1
2;705;08-01-2004;60;20000; ;U;4,99;0;5,89;1,11;1
2;703;09-01-2004;60;20000; ;U;4,85;0;5,89;1,11;1
2;706;09-01-2004;60;20745; ;U;4,85;0;5,89;1,11;1
3;689;10-01-2004;60;17899; ;U;4,85;1;6,09;1,11;1
1;698;10-01-2004;60;18549; ;U;4,85;1;4,99;1,11;1
3;686;11-01-2004;60;17999; ;U;4,85;0;6,19;1,11;3
3;684;12-01-2004;60;19000; ;U;4,85;0;6,19;1,10;2
3;698;12-01-2004;60;25000; ;U;4,85;0;6,19;1,10;2
3;694;12-01-2004;60;20000; ;U;4,85;0;6,19;1,10;3
2;706;13-01-2004;60;21263; ;U;4,85;0;5,89;1,10;1
2;703;13-01-2004;60;24000; ;U;4,85;0;5,89;1,10;1
1;703;13-01-2004;60;23620; ;U;4,85;0;4,85;1,10;3
2;712;13-01-2004;60;24999; ;U;4,85;0;5,89;1,10;2
2;712;14-01-2004;60;22152; ;U;4,85;0;5,89;1,10;3
3;693;14-01-2004;60;21300; ;U;4,85;0;6,19;1,10;1
2;709;14-01-2004;60;25000; ;U;4,85;0;5,89;1,10;1
2;703;14-01-2004;60;17999; ;U;4,85;1;5,89;1,10;3
3;684;15-01-2004;60;19999; ;U;4,85;0;6,19;1,10;2
3;708;15-01-2004;60;24051; ;U;4,85;0;5,89;1,10;3
3;698;15-01-2004;60;18500; ;U;4,85;0;6,19;1,10;3
1;688;16-01-2004;60;20243; ;U;4,85;1;4,85;1,10;3
3;686;16-01-2004;60;22750; ;U;4,85;0;6,19;1,10;1
1;696;16-01-2004;60;24457; ;U;4,85;0;4,85;1,10;3
3;687;18-01-2004;60;25000; ;U;4,85;0;6,19;1,10;1
3;689;18-01-2004;60;19999; ;U;4,85;0;6,19;1,10;1
2;705;18-01-2004;60;23000; ;U;4,85;0;5,89;1,10;3
3;698;18-01-2004;60;19765; ;U;4,85;0;6,19;1,10;1
3;699;18-01-2004;60;24000; ;U;4,85;1;6,19;1,10;1
3;695;18-01-2004;60;22000; ;U;4,85;0;6,19;1,10;2
2;710;19-01-2004;60;22679; ;U;4,85;0;5,89;1,10;3
3;694;19-01-2004;60;18500; ;U;4,85;0;6,19;1,10;3
3;686;20-01-2004;60;22765; ;U;4,85;1;6,19;1,10;1
2;700;20-01-2004;60;21022; ;U;4,85;1;5,89;1,10;1
3;696;20-01-2004;60;22511; ;U;4,85;1;6,19;1,10;1
3;693;21-01-2004;60;20595; ;U;4,85;0;6,19;1,10;2
2;700;22-01-2004;60;25000; ;U;4,85;1;5,89;1,10;1
3;691;22-01-2004;60;19999; ;U;4,85;1;6,19;1,10;2
3;698;22-01-2004;60;19999; ;U;4,85;0;6,19;1,10;3
2;704;22-01-2004;60;20138; ;U;4,85;1;5,89;1,10;1
3;686;22-01-2004;60;22000; ;U;4,85;0;6,19;1,10;3
3;693;23-01-2004;60;18000; ;U;4,85;0;6,19;1,10;3
2;707;23-01-2004;60;20000; ;U;4,85;0;5,89;1,10;2
2;711;24-01-2004;60;20000; ;U;4,85;0;5,89;1,10;1
2;706;24-01-2004;60;20000; ;U;4,85;0;5,89;1,10;1
3;692;24-01-2004;60;19411; ;U;4,85;1;6,19;1,10;1
2;703;25-01-2004;60;24000; ;U;4,85;0;5,89;1,10;1
2;711;25-01-2004;60;20000; ;U;4,85;0;5,89;1,10;1
3;698;25-01-2004;60;25000; ;U;4,85;0;6,19;1,10;2
3;690;25-01-2004;60;18000; ;U;4,85;0;6,19;1,10;1
3;693;25-01-2004;60;23000; ;U;4,85;0;6,19;1,10;1
3;686;26-01-2004;60;22000; ;U;4,85;0;6,19;1,10;3
2;709;26-01-2004;60;20026; ;U;4,85;1;5,89;1,10;3
3;699;26-01-2004;60;21000; ;U;4,85;0;6,19;1,10;1
3;687;27-01-2004;60;20853; ;U;4,85;0;6,19;1,10;3
3;695;27-01-2004;60;24785; ;U;4,85;0;6,19;1,10;1
3;693;27-01-2004;60;20595; ;U;4,85;0;6,19;1,10;2
2;706;28-01-2004;60;20000; ;U;4,85;0;5,89;1,10;3
3;698;28-01-2004;60;19999; ;U;4,85;0;6,19;1,10;3
3;698;28-01-2004;60;19999; ;U;4,85;0;6,19;1,10;2
3;694;28-01-2004;60;18650; ;U;4,85;0;6,19;1,10;3
2;705;29-01-2004;60;20220; ;U;4,85;1;5,89;1,10;3
3;688;29-01-2004;60;25000; ;U;4,85;0;6,19;1,10;3
2;703;30-01-2004;60;21394; ;U;4,85;1;5,89;1,10;2
3;698;30-01-2004;60;25000; ;U;4,85;0;6,19;1,10;1
3;699;30-01-2004;60;18500; ;U;4,85;0;6,19;1,10;3
2;705;30-01-2004;60;21000; ;U;4,85;0;5,89;1,10;1
3;684;30-01-2004;60;17965; ;U;4,85;1;6,19;1,10;1
3;698;31-01-2004;60;18000; ;U;4,85;0;6,19;1,10;1
2;712;01-02-2004;60;22000; ;U;4,85;0;5,89;1,10;1
3;693;01-02-2004;60;21000; ;U;4,85;0;6,19;1,10;2
1;701;01-02-2004;60;22000; ;U;4,85;1;4,85;1,10;1
2;707;02-02-2004;60;25000; ;U;4,85;0;5,89;1,10;1
2;692;02-02-2004;60;24500; ;U;4,85;1;5,89;1,10;1
3;696;02-02-2004;60;20985; ;U;4,85;1;6,19;1,10;1
3;687;03-02-2004;60;24989; ;U;4,85;1;6,19;1,10;2
2;706;03-02-2004;60;25000; ;U;4,85;0;5,89;1,10;3
2;702;03-02-2004;60;24600; ;U;4,85;0;5,89;1,10;1
3;686;04-02-2004;60;19104; ;U;4,85;1;6,19;1,10;1
2;705;04-02-2004;60;22000; ;U;4,85;1;5,89;1,10;2
2;702;04-02-2004;60;23149; ;U;4,85;1;5,89;1,10;2
2;707;05-02-2004;60;20000; ;U;4,85;0;5,89;1,10;3
3;689;07-02-2004;60;25000; ;U;4,85;0;6,19;1,10;2
3;691;08-02-2004;60;23822; ;U;4,85;1;6,19;1,10;2
1;685;08-02-2004;60;22163; ;U;4,85;1;4,85;1,10;2
3;691;08-02-2004;60;23735; ;U;4,85;0;6,19;1,10;3
2;711;09-02-2004;60;19999; ;U;4,85;0;5,89;1,10;2
2;701;09-02-2004;60;23304; ;U;4,85;1;5,89;1,10;1
2;710;10-02-2004;60;22000; ;U;4,85;0;5,89;1,10;2
2;700;10-02-2004;60;24599; ;U;4,85;1;5,89;1,10;3
2;711;10-02-2004;60;24499; ;U;4,85;0;5,89;1,10;2
2;706;10-02-2004;60;20000; ;U;4,85;0;5,89;1,10;2
3;692;10-02-2004;60;21999; ;U;4,85;0;6,19;1,10;2
3;685;10-02-2004;60;23000; ;U;4,85;0;6,19;1,10;1
3;690;10-02-2004;60;20000; ;U;4,85;0;6,19;1,10;3
3;697;11-02-2004;60;22305; ;U;4,85;1;6,19;1,10;2
3;691;11-02-2004;60;20876; ;U;4,85;0;6,19;1,10;3
3;693;11-02-2004;60;19000; ;U;4,85;0;6,19;1,10;3
2;702;12-02-2004;60;25000; ;U;4,85;0;5,89;1,09;2
3;695;12-02-2004;60;20000; ;U;4,85;0;6,29;1,09;3
3;699;12-02-2004;60;23500; ;U;4,85;0;6,19;1,09;3
2;706;12-02-2004;60;22000; ;U;4,85;0;5,89;1,09;1
3;698;12-02-2004;60;19500; ;U;4,85;0;6,19;1,09;3
2;700;12-02-2004;60;19899; ;U;4,85;1;5,89;1,09;2
3;705;13-02-2004;60;25000; ;U;4,65;0;5,89;1,09;3
3;686;13-02-2004;60;21625; ;U;4,65;0;6,19;1,09;1
3;697;13-02-2004;60;24393; ;U;4,65;1;6,19;1,09;1
2;712;14-02-2004;60;22000; ;U;4,65;0;5,89;1,09;3
3;695;15-02-2004;60;22713; ;U;4,65;1;6,19;1,09;1
3;697;16-02-2004;60;25000; ;U;4,65;0;6,19;1,09;1
3;696;16-02-2004;60;22995; ;U;4,65;1;6,19;1,09;2
3;686;16-02-2004;60;24999; ;U;4,65;0;6,19;1,09;2
3;686;16-02-2004;60;19875; ;U;4,65;1;6,19;1,09;3
2;705;16-02-2004;60;22600; ;U;4,65;0;5,89;1,09;1
2;704;17-02-2004;60;23000; ;U;4,65;1;5,89;1,09;1
3;698;17-02-2004;60;22391; ;U;4,65;1;6,19;1,09;3
3;693;17-02-2004;60;23500; ;U;4,65;0;6,19;1,09;1
3;687;17-02-2004;60;22000; ;U;4,65;0;6,19;1,09;1
2;709;18-02-2004;60;18000; ;U;4,65;1;5,89;1,09;3
3;689;18-02-2004;60;18300; ;U;4,65;0;6,19;1,09;1
3;695;18-02-2004;60;19999; ;U;4,65;0;6,19;1,09;1
3;688;18-02-2004;60;18926; ;U;4,65;1;6,19;1,09;2
2;702;19-02-2004;60;19232; ;U;4,65;1;5,89;1,09;2
2;706;19-02-2004;60;25000; ;U;4,65;0;5,89;1,09;2
3;697;19-02-2004;60;19067; ;U;4,65;1;6,19;1,09;1
3;687;19-02-2004;60;22000; ;U;4,65;0;6,19;1,09;1
2;700;20-02-2004;60;23545; ;U;4,65;0;5,89;1,09;3
3;694;21-02-2004;60;22000; ;U;4,65;0;6,19;1,09;1
2;701;23-02-2004;60;18600; ;U;4,65;0;5,89;1,09;1
3;684;24-02-2004;60;19340; ;U;4,65;1;6,19;1,09;1
2;704;25-02-2004;60;24837; ;U;4,65;1;5,89;1,09;1
2;706;25-02-2004;60;24900; ;U;4,65;0;5,89;1,09;1
2;700;26-02-2004;60;21500; ;U;4,65;0;5,89;1,10;3
2;700;26-02-2004;60;20000; ;U;4,65;1;5,89;1,10;1
3;688;26-02-2004;60;18000; ;U;4,65;1;6,19;1,10;3
2;703;26-02-2004;60;20812; ;U;4,65;1;5,89;1,10;1
3;697;26-02-2004;60;23000; ;U;4,65;0;6,19;1,10;1
3;696;26-02-2004;60;25000; ;U;4,65;0;6,19;1,10;3
3;687;27-02-2004;60;20443; ;U;4,49;1;6,19;1,10;1
2;700;27-02-2004;60;18500; ;U;4,49;0;5,89;1,10;1
2;709;27-02-2004;60;19026; ;U;4,49;1;5,89;1,10;2
3;690;28-02-2004;60;19051; ;U;4,49;0;6,19;1,10;1
2;703;28-02-2004;60;20000; ;U;4,49;0;5,89;1,10;1
2;712;28-02-2004;60;21840; ;U;4,49;1;5,89;1,10;1
3;688;01-03-2004;60;18649; ;U;4,49;1;6,19;1,10;1
3;696;01-03-2004;60;22000; ;U;4,49;0;6,19;1,10;1
3;688;01-03-2004;60;24406; ;U;4,49;0;6,19;1,10;2
2;704;01-03-2004;60;22178; ;U;4,49;1;5,89;1,10;3
2;707;01-03-2004;60;18325; ;U;4,49;1;5,89;1,10;3
2;705;02-03-2004;60;20000; ;U;4,49;0;5,89;1,10;2
3;691;02-03-2004;60;24145; ;U;4,49;1;6,19;1,10;1
3;692;02-03-2004;60;23884; ;U;4,49;0;6,19;1,10;3
3;694;03-03-2004;60;21191; ;U;4,49;1;6,19;1,10;3
3;693;03-03-2004;60;19999; ;U;4,49;0;6,19;1,10;1
3;707;03-03-2004;60;21800; ;U;4,49;1;6,19;1,10;2
2;709;04-03-2004;60;20000; ;U;4,49;0;5,89;1,10;1
3;695;04-03-2004;60;22000; ;U;4,49;0;6,19;1,10;3
3;695;04-03-2004;60;25000; ;U;4,49;0;6,19;1,10;1
3;696;04-03-2004;60;25000; ;U;4,49;0;6,19;1,10;1
3;693;05-03-2004;60;20399; ;U;4,49;1;6,19;1,10;1
2;701;05-03-2004;60;18774; ;U;4,49;0;5,89;1,10;3
3;687;05-03-2004;60;22000; ;U;4,49;0;6,19;1,10;1
3;693;06-03-2004;60;22000; ;U;4,49;0;6,19;1,10;1
3;692;07-03-2004;60;20000; ;U;4,49;1;6,19;1,10;1
3;696;07-03-2004;60;18253; ;U;4,49;0;6,19;1,10;3
3;693;08-03-2004;60;21000; ;U;4,49;0;6,19;1,09;3
3;698;08-03-2004;60;20000; ;U;4,49;0;6,19;1,09;2
3;702;08-03-2004;60;21120; ;U;4,49;0;5,89;1,09;3
3;687;08-03-2004;60;20000; ;U;4,49;0;6,19;1,09;2
3;696;08-03-2004;60;20000; ;U;4,49;0;6,19;1,09;3
3;706;08-03-2004;60;21248; ;U;4,49;0;5,89;1,09;2
2;711;08-03-2004;60;19298; ;U;4,49;0;5,89;1,09;3
3;692;08-03-2004;60;22000; ;U;4,49;0;6,19;1,09;3
1;689;09-03-2004;60;19846; ;U;4,49;1;4,49;1,09;3
2;707;09-03-2004;60;24999; ;U;4,49;0;5,89;1,09;3
2;705;09-03-2004;60;21000; ;U;4,49;0;5,89;1,09;2
2;708;09-03-2004;60;19000; ;U;4,49;1;5,89;1,09;2
3;690;09-03-2004;60;20000; ;U;4,49;0;6,19;1,09;3
2;710;09-03-2004;60;23000; ;U;4,49;0;5,89;1,09;1
4;690;10-03-2004;60;24400; ;U;4,49;1;8,49;1,09;3
3;696;10-03-2004;60;20340; ;U;4,49;1;6,19;1,09;3
3;695;10-03-2004;60;25000; ;U;4,49;0;6,19;1,09;2
2;691;10-03-2004;60;24625; ;U;4,49;1;5,89;1,09;3
2;700;10-03-2004;60;22000; ;U;4,49;0;5,89;1,09;3
3;690;15-03-2004;60;21999; ;U;4,39;0;6,19;1,09;2
2;705;11-03-2004;60;19703; ;U;4,49;1;5,89;1,09;1
2;700;11-03-2004;60;21721; ;U;4,49;1;5,89;1,09;3
3;697;11-03-2004;60;25000; ;U;4,49;0;6,19;1,09;3
2;702;11-03-2004;60;22000; ;U;4,49;0;5,89;1,09;1
2;704;12-03-2004;60;24338; ;U;4,39;1;5,89;1,09;2
2;704;12-03-2004;60;18000; ;U;4,39;1;5,89;1,09;2
2;706;12-03-2004;60;19999; ;U;4,39;0;5,89;1,09;2
2;704;13-03-2004;60;25000; ;U;4,39;0;5,89;1,09;1
3;689;16-03-2004;60;25000; ;U;4,39;0;6,19;1,09;3
2;705;13-03-2004;60;22000; ;U;4,39;0;5,89;1,09;1
2;700;14-03-2004;60;25000; ;U;4,39;0;5,89;1,09;3
3;697;14-03-2004;60;20000; ;U;4,39;0;6,19;1,09;2
2;705;14-03-2004;60;25000; ;U;4,39;0;5,89;1,09;3
3;689;14-03-2004;60;20000; ;U;4,39;0;6,19;1,09;3
2;704;15-03-2004;60;23500; ;U;4,39;1;5,89;1,09;1
3;694;15-03-2004;60;22000; ;U;4,39;0;6,19;1,09;3
2;702;15-03-2004;60;20000; ;U;4,39;0;5,89;1,09;3
2;707;15-03-2004;60;23000; ;U;4,39;0;5,89;1,09;3
2;706;15-03-2004;60;18250; ;U;4,39;1;5,89;1,09;3
2;708;15-03-2004;60;25000; ;U;4,39;0;5,89;1,09;3
3;689;15-03-2004;60;20000; ;U;4,39;0;6,19;1,09;3
3;690;17-03-2004;60;23000; ;U;4,39;0;6,19;1,09;3
2;709;16-03-2004;60;22000; ;U;4,39;0;5,89;1,09;3
3;699;16-03-2004;60;18613; ;U;4,39;1;6,19;1,09;3
3;696;16-03-2004;60;22000; ;U;4,39;0;6,19;1,09;1
1;697;16-03-2004;60;19148; ;U;4,39;1;4,39;1,09;1
3;687;18-03-2004;60;22533; ;U;4,39;1;6,19;1,09;2
2;687;17-03-2004;60;20000; ;U;4,39;0;5,89;1,09;1
3;691;17-03-2004;60;20000; ;U;4,39;0;6,19;1,09;3
2;705;18-03-2004;60;18777; ;U;4,39;0;5,89;1,09;3
2;703;18-03-2004;60;18500; ;U;4,39;0;5,89;1,09;1
3;695;19-03-2004;60;20000; ;U;4,39;0;6,19;1,09;3
2;705;19-03-2004;60;21073; ;U;4,39;1;5,89;1,09;2
3;687;19-03-2004;60;25000; ;U;4,39;0;6,19;1,09;2
2;704;20-03-2004;60;18500; ;U;4,39;0;5,89;1,09;3
3;684;20-03-2004;60;23000; ;U;4,39;0;6,19;1,09;1
3;695;20-03-2004;60;24999; ;U;4,39;0;6,19;1,09;2
2;707;21-03-2004;60;25000; ;U;4,39;0;5,89;1,09;3
3;699;21-03-2004;60;23500; ;U;4,39;0;6,19;1,09;1
3;695;21-03-2004;60;22000; ;U;4,39;0;6,19;1,09;1
3;692;22-03-2004;60;19137; ;U;4,39;1;6,19;1,09;3
2;687;22-03-2004;60;18040; ;U;4,39;1;5,89;1,09;1
3;685;22-03-2004;60;20000; ;U;4,39;0;6,19;1,09;1
3;695;22-03-2004;60;24524; ;U;4,39;1;6,19;1,09;1
3;693;23-03-2004;60;25000; ;U;4,39;0;6,19;1,09;1
3;687;23-03-2004;60;22000; ;U;4,39;0;6,19;1,09;1
3;685;24-03-2004;60;22000; ;U;4,39;0;6,19;1,09;3
3;691;24-03-2004;60;25000; ;U;4,39;0;6,19;1,09;1
2;707;25-03-2004;60;23789; ;U;4,39;1;5,89;1,09;3
2;708;25-03-2004;60;17999; ;U;4,39;1;5,89;1,09;3
3;699;25-03-2004;60;19667; ;U;4,39;0;6,19;1,09;3
2;709;25-03-2004;60;22000; ;U;4,39;0;5,89;1,09;3
3;684;25-03-2004;60;20000; ;U;4,39;0;6,19;1,09;1
3;687;25-03-2004;60;25000; ;U;4,39;1;6,19;1,09;3
3;696;25-03-2004;60;18000; ;U;4,39;0;6,19;1,09;3
3;689;25-03-2004;60;23000; ;U;4,39;0;6,19;1,09;1
2;686;26-03-2004;60;20000; ;U;4,39;0;5,89;1,09;3
2;700;26-03-2004;60;22000; ;U;4,39;0;5,89;1,09;3
3;692;26-03-2004;60;20000; ;U;4,39;0;6,19;1,09;2
3;692;26-03-2004;60;20000; ;U;4,39;0;6,19;1,09;3
2;703;26-03-2004;60;19559; ;U;4,39;1;5,89;1,09;2
3;696;27-03-2004;60;20000; ;U;4,39;0;6,19;1,09;1
2;707;27-03-2004;60;22000; ;U;4,39;0;5,89;1,09;2
3;698;27-03-2004;60;24600; ;U;4,39;0;6,19;1,09;1
2;711;27-03-2004;60;24594; ;U;4,39;1;5,89;1,09;1
2;709;28-03-2004;60;19000; ;U;4,39;0;5,89;1,09;1
3;691;28-03-2004;60;25000; ;U;4,39;0;6,19;1,09;3
3;687;29-03-2004;60;19999; ;U;4,39;0;6,19;1,09;1
2;710;29-03-2004;60;20000; ;U;4,39;0;5,89;1,09;3
3;694;29-03-2004;60;24999; ;U;4,39;0;6,19;1,09;1
2;711;29-03-2004;60;24000; ;U;4,39;0;5,89;1,09;1
2;705;30-03-2004;60;24999; ;U;4,39;0;5,89;1,09;2
2;712;30-03-2004;60;20975; ;U;4,39;1;5,89;1,09;1
3;692;30-03-2004;60;22000; ;U;4,39;0;6,19;1,09;3
3;691;30-03-2004;60;22000; ;U;4,39;0;6,19;1,09;3
2;705;31-03-2004;60;18500; ;U;4,39;0;5,89;1,09;1
3;691;31-03-2004;60;22000; ;U;4,39;0;6,19;1,09;2
2;701;31-03-2004;60;24999; ;U;4,39;0;5,89;1,09;2
2;705;31-03-2004;60;17818; ;U;4,39;1;5,89;1,09;1
3;693;01-04-2004;60;20024; ;U;4,39;1;6,19;1,09;1
2;709;02-04-2004;60;20000; ;U;4,39;0;5,89;1,09;2
1;700;02-04-2004;60;18500; ;U;4,39;1;4,39;1,09;1
2;705;02-04-2004;60;24234; ;U;4,39;1;5,89;1,09;1
2;705;02-04-2004;60;19287; ;U;4,39;0;5,89;1,09;3
1;693;03-04-2004;60;23000; ;U;4,39;0;4,39;1,09;2
2;709;03-04-2004;60;22000; ;U;4,39;0;5,89;1,09;1
3;690;03-04-2004;60;20999; ;U;4,39;0;6,19;1,09;2
3;695;03-04-2004;60;20853; ;U;4,39;1;6,19;1,09;3
3;688;03-04-2004;60;20000; ;U;4,39;0;6,19;1,09;3
1;705;04-04-2004;60;18500; ;U;4,39;0;4,85;1,09;1
1;686;04-04-2004;60;21455; ;U;4,39;1;4,39;1,09;1
2;691;04-04-2004;60;19999; ;U;4,39;0;5,89;1,09;2
3;698;04-04-2004;60;21000; ;U;4,39;0;6,19;1,09;3
2;688;04-04-2004;60;23362; ;U;4,39;1;5,89;1,09;1
2;707;05-04-2004;60;24999; ;U;4,39;0;5,89;1,10;2
3;698;05-04-2004;60;19999; ;U;4,39;0;6,19;1,10;1
2;705;05-04-2004;60;23000; ;U;4,39;0;5,89;1,10;1
2;708;05-04-2004;60;19000; ;U;4,39;0;5,89;1,10;1
2;703;05-04-2004;60;22234; ;U;4,39;0;5,89;1,10;1
1;694;06-04-2004;60;21000; ;U;4,39;0;4,39;1,10;1
2;710;06-04-2004;60;22000; ;U;4,39;0;5,89;1,10;1
3;684;06-04-2004;60;19000; ;U;4,39;0;6,19;1,10;3
3;691;06-04-2004;60;25000; ;U;4,39;0;6,19;1,10;3
3;685;06-04-2004;60;20000; ;U;4,39;0;6,19;1,10;3
3;695;07-04-2004;60;24586; ;U;4,39;1;6,19;1,10;3
1;690;07-04-2004;60;20000; ;U;4,39;0;4,39;1,10;2
2;684;07-04-2004;60;23436; ;U;4,39;1;5,89;1,10;1
2;702;07-04-2004;60;20000; ;U;4,39;0;5,89;1,10;3
2;709;07-04-2004;60;20800; ;U;4,39;0;5,89;1,10;1
2;709;07-04-2004;60;19000; ;U;4,39;0;5,89;1,10;1
3;690;07-04-2004;60;22142; ;U;4,39;1;6,19;1,10;3
2;701;07-04-2004;60;20000; ;U;4,39;0;5,89;1,10;1
1;707;08-04-2004;60;20929; ;U;4,39;1;4,39;1,10;2
3;692;08-04-2004;60;25000; ;U;4,39;0;6,19;1,10;1
3;690;12-04-2004;60;24999; ;U;4,39;0;6,19;1,10;1
2;702;09-04-2004;60;24246; ;U;4,39;1;5,89;1,10;2
1;699;10-04-2004;60;25000; ;U;4,39;0;4,39;1,10;1
2;705;10-04-2004;60;22128; ;U;4,39;0;5,89;1,10;1
3;687;10-04-2004;60;23500; ;U;4,39;0;6,19;1,10;1
3;699;10-04-2004;60;18000; ;U;4,39;0;6,19;1,10;3
3;692;10-04-2004;60;22350; ;U;4,39;1;6,19;1,10;3
3;692;10-04-2004;60;24090; ;U;4,39;1;6,19;1,10;1
3;685;11-04-2004;60;25000; ;U;4,39;0;6,19;1,10;3
3;690;12-04-2004;60;20000; ;U;4,39;0;6,19;1,10;1
2;711;12-04-2004;60;20805; ;U;4,39;1;5,89;1,10;1
2;707;12-04-2004;60;20000; ;U;4,39;0;5,89;1,10;1
2;712;12-04-2004;60;25000; ;U;4,39;0;5,89;1,10;2
2;708;13-04-2004;60;22000; ;U;4,39;0;5,89;1,10;3
2;698;13-04-2004;60;24999; ;U;4,39;0;5,89;1,10;2
2;684;13-04-2004;60;18441; ;U;4,39;1;5,89;1,10;1
3;689;14-04-2004;60;24000; ;U;4,39;0;6,19;1,10;2
3;693;14-04-2004;60;18500; ;U;4,39;0;6,19;1,10;3
3;699;15-04-2004;60;20000; ;U;4,39;0;6,19;1,10;1
3;697;14-04-2004;60;18000; ;U;4,39;1;6,19;1,10;1
2;704;15-04-2004;60;23750; ;U;4,39;0;5,89;1,10;1
3;690;15-04-2004;60;20000; ;U;4,39;0;6,19;1,10;3
2;712;15-04-2004;60;24000; ;U;4,39;0;5,89;1,10;1
2;701;15-04-2004;60;20000; ;U;4,39;1;5,89;1,10;1
2;703;15-04-2004;60;25000; ;U;4,39;0;5,89;1,10;1
2;709;15-04-2004;60;22000; ;U;4,39;0;5,89;1,10;1
3;690;15-04-2004;60;24800; ;U;4,39;0;6,19;1,10;3
2;701;16-04-2004;60;22999; ;U;4,39;0;5,89;1,10;2
3;698;16-04-2004;60;18900; ;U;4,39;0;6,19;1,10;1
1;690;17-04-2004;60;25000; ;U;4,55;0;4,39;1,10;1
2;702;17-04-2004;60;24681; ;U;4,55;0;5,89;1,10;2
1;703;18-04-2004;60;18633; ;U;4,55;1;4,39;1,10;1
2;703;17-04-2004;60;20157; ;U;4,55;1;5,89;1,10;3
1;687;18-04-2004;60;20000; ;U;4,55;1;4,39;1,10;3
3;695;18-04-2004;60;20000; ;U;4,55;0;6,19;1,10;1
3;685;18-04-2004;60;24550; ;U;4,55;0;6,19;1,10;3
3;697;18-04-2004;60;22000; ;U;4,55;0;6,19;1,10;1
3;698;18-04-2004;60;20760; ;U;4,55;0;6,19;1,10;1
2;705;18-04-2004;60;23744; ;U;4,55;1;5,89;1,10;3
2;702;19-04-2004;60;19999; ;U;4,55;0;5,89;1,10;2
2;694;19-04-2004;60;24826; ;U;4,55;1;5,89;1,10;2
3;697;19-04-2004;60;18000; ;U;4,55;0;6,19;1,10;1
2;701;19-04-2004;60;18048; ;U;4,55;0;5,89;1,10;1
3;697;19-04-2004;60;25000; ;U;4,55;0;6,19;1,10;3
3;698;19-04-2004;60;20800; ;U;4,55;0;6,19;1,10;1
2;712;19-04-2004;60;23000; ;U;4,55;0;5,89;1,10;1
2;704;20-04-2004;60;20134; ;U;4,55;0;5,89;1,10;1
3;685;20-04-2004;60;17999; ;U;4,55;0;6,69;1,10;1
3;687;20-04-2004;60;23220; ;U;4,55;0;6,69;1,10;3
2;712;20-04-2004;60;21034; ;U;4,55;1;5,89;1,10;3
1;704;20-04-2004;60;20000; ;U;4,55;0;4,55;1,10;3
2;707;20-04-2004;60;25000; ;U;4,55;0;5,89;1,10;1
3;693;20-04-2004;60;24500; ;U;4,55;0;6,69;1,10;3
1;707;21-04-2004;60;25000; ;U;4,55;0;4,55;1,10;1
2;709;21-04-2004;60;25000; ;U;4,55;0;5,89;1,10;3
3;692;21-04-2004;60;21688; ;U;4,55;1;6,69;1,10;1
3;698;22-04-2004;60;25000; ;U;4,55;0;6,69;1,10;1
3;711;22-04-2004;60;25000; ;U;4,55;0;5,79;1,10;2
1;707;23-04-2004;60;20999; ;U;4,55;0;4,55;1,10;2
3;698;23-04-2004;60;23000; ;U;4,55;0;6,69;1,10;3
2;705;23-04-2004;60;25000; ;U;4,55;0;5,89;1,10;3
2;704;24-04-2004;60;20000; ;U;4,65;0;5,89;1,10;2
3;696;24-04-2004;60;20000; ;U;4,65;0;6,69;1,10;1
2;707;25-04-2004;60;19000; ;U;4,65;0;5,89;1,10;1
2;711;25-04-2004;60;22000; ;U;4,65;0;5,89;1,10;3
2;702;26-04-2004;60;20000; ;U;4,65;0;5,89;1,10;3
3;686;26-04-2004;60;20000; ;U;4,65;0;6,69;1,10;1
2;685;26-04-2004;60;19000; ;U;4,65;0;5,89;1,10;3
3;697;26-04-2004;60;23000; ;U;4,65;0;6,69;1,10;1
3;698;26-04-2004;60;22290; ;U;4,65;0;6,69;1,10;3
2;711;26-04-2004;60;22500; ;U;4,65;0;5,89;1,10;1
3;707;28-04-2004;60;24894; ;U;4,65;0;5,89;1,10;1
3;694;26-04-2004;60;20350; ;U;4,65;0;6,69;1,10;1
2;704;27-04-2004;60;18000; ;U;4,65;0;5,89;1,10;2
2;711;28-04-2004;60;25000; ;U;4,65;0;6,29;1,10;1
3;696;28-04-2004;60;18180; ;U;4,65;1;6,69;1,10;3
2;693;28-04-2004;60;25000; ;U;4,65;0;5,89;1,10;2
3;687;28-04-2004;60;18315; ;U;4,65;0;6,69;1,10;1
3;696;29-04-2004;60;24999; ;U;4,65;0;7,04;1,10;2
2;685;29-04-2004;60;24700; ;U;4,65;0;6,29;1,10;1
3;707;29-04-2004;60;23073; ;U;4,65;0;6,29;1,10;1
3;690;29-04-2004;60;22000; ;U;4,65;0;7,04;1,10;1
3;685;29-04-2004;60;25000; ;U;4,65;0;7,04;1,10;3
2;707;29-04-2004;60;23000; ;U;4,65;0;6,29;1,10;1
3;698;30-04-2004;60;20000; ;U;4,65;0;7,04;1,10;2
2;700;30-04-2004;60;24999; ;U;4,65;0;6,29;1,10;1
2;700;30-04-2004;60;25000; ;U;4,65;0;6,29;1,10;1
2;704;30-04-2004;60;22250; ;U;4,65;1;6,29;1,10;1
2;709;30-04-2004;60;20000; ;U;4,65;0;6,29;1,10;1
1;689;30-04-2004;60;19500; ;U;4,65;0;4,65;1,10;3
3;687;03-05-2004;60;21000; ;U;4,65;0;7,04;1,10;2
3;688;02-05-2004;60;18609; ;U;4,65;0;7,04;1,10;1
3;693;03-05-2004;60;18000; ;U;4,65;0;7,04;1,10;3
3;693;03-05-2004;60;17999; ;U;4,65;0;7,04;1,10;1
3;695;03-05-2004;60;23000; ;U;4,65;0;7,04;1,10;3
2;708;03-05-2004;60;22400; ;U;4,65;1;6,29;1,10;3
2;698;04-05-2004;60;22500; ;U;4,65;0;6,29;1,10;3
3;694;04-05-2004;60;17999; ;U;4,65;0;7,04;1,10;3
3;684;04-05-2004;60;18500; ;U;4,65;1;7,04;1,10;1
2;711;05-05-2004;60;25000; ;U;4,65;1;6,29;1,10;1
2;712;05-05-2004;60;24000; ;U;4,65;0;6,29;1,10;2
3;696;05-05-2004;60;20000; ;U;4,65;0;7,04;1,10;2
2;701;05-05-2004;60;18000; ;U;4,65;1;6,29;1,10;1
2;711;06-05-2004;60;25000; ;U;4,65;0;6,29;1,10;3
2;704;07-05-2004;60;21947; ;U;4,65;0;6,29;1,10;1
2;710;07-05-2004;60;19500; ;U;4,65;0;6,29;1,10;3
1;709;07-05-2004;60;19000; ;U;4,65;0;4,65;1,10;1
3;696;08-05-2004;60;18210; ;U;4,75;0;7,04;1,10;3
3;696;08-05-2004;60;25000; ;U;4,75;0;7,04;1,10;1
2;694;10-05-2004;60;20000; ;U;4,75;0;6,29;1,10;1
2;711;10-05-2004;60;24353; ;U;4,75;0;6,29;1,10;3
3;691;10-05-2004;60;20644; ;U;4,75;1;7,04;1,10;1
3;687;10-05-2004;60;22600; ;U;4,75;0;7,79;1,10;3
2;702;11-05-2004;60;25000; ;U;4,75;0;6,99;1,10;1
2;710;11-05-2004;60;24000; ;U;4,75;0;6,99;1,10;1
2;702;11-05-2004;60;18999; ;U;4,75;0;6,99;1,10;3
3;691;11-05-2004;60;23000; ;U;4,75;0;7,79;1,10;3
2;711;14-05-2004;60;20001; ;U;4,75;0;6,99;1,10;1
2;708;12-05-2004;60;24999; ;U;4,75;0;6,99;1,10;1
2;708;12-05-2004;60;22226; ;U;4,75;0;6,99;1,10;2
3;695;12-05-2004;60;19999; ;U;4,75;0;7,79;1,10;2
3;691;13-05-2004;60;24000; ;U;4,75;0;7,79;1,10;3
3;698;14-05-2004;60;22000; ;U;4,75;0;7,79;1,10;3
3;692;14-05-2004;60;17879; ;U;4,75;1;7,79;1,10;1
4;699;16-05-2004;60;24999; ;U;4,95;0;10,09;1,10;3
3;696;15-05-2004;60;20000; ;U;4,95;0;7,79;1,10;2
3;688;15-05-2004;60;24000; ;U;4,95;0;7,79;1,10;1
3;705;15-05-2004;60;20000; ;U;4,95;0;7,04;1,10;1
2;702;16-05-2004;60;24000; ;U;4,95;0;6,99;1,10;1
1;702;16-05-2004;60;22750; ;U;4,95;0;4,75;1,10;1
3;697;17-05-2004;60;24000; ;U;4,95;0;7,79;1,10;1
3;692;17-05-2004;60;25000; ;U;4,95;0;7,79;1,10;3
3;708;17-05-2004;60;20181; ;U;4,95;0;7,04;1,10;3
2;703;17-05-2004;60;20000; ;U;4,95;1;6,99;1,10;1
2;712;17-05-2004;60;22000; ;U;4,95;0;6,99;1,10;3
2;706;17-05-2004;60;24000; ;U;4,95;0;6,99;1,10;3
2;703;18-05-2004;60;23000; ;U;4,95;0;6,99;1,10;3
3;694;19-05-2004;60;21000; ;U;4,95;0;7,99;1,10;3
3;690;19-05-2004;60;24000; ;U;4,95;0;7,99;1,10;3
3;685;19-05-2004;60;21000; ;U;4,95;0;7,99;1,10;3
1;694;20-05-2004;60;25000; ;U;4,95;0;4,95;1,10;1
3;688;20-05-2004;60;24500; ;U;4,95;1;7,99;1,10;3
3;699;21-05-2004;60;21899; ;U;4,95;0;7,99;1,10;2
3;692;21-05-2004;60;25000; ;U;4,95;0;7,99;1,10;2
3;684;21-05-2004;60;25000; ;U;4,95;0;7,99;1,10;1
2;701;23-05-2004;60;25000; ;U;4,95;0;6,99;1,10;3
3;689;23-05-2004;60;22376; ;U;4,95;0;7,99;1,10;1
1;709;23-05-2004;60;23910; ;U;4,95;0;4,95;1,10;3
2;707;25-05-2004;60;20000; ;U;4,95;0;6,99;1,10;3
3;687;25-05-2004;60;24999; ;U;4,95;0;7,99;1,10;2
3;698;25-05-2004;60;23000; ;U;4,95;0;7,99;1,10;1
3;696;25-05-2004;60;23999; ;U;4,95;1;7,99;1,10;1
3;685;25-05-2004;60;19000; ;U;4,95;1;7,99;1,10;3
3;685;25-05-2004;60;23500; ;U;4,95;0;7,99;1,10;3
2;689;25-05-2004;60;25000; ;U;4,95;0;6,99;1,10;3
3;686;26-05-2004;60;23678; ;U;4,95;0;7,99;1,10;3
2;711;26-05-2004;60;20865; ;U;4,95;1;6,99;1,10;3
2;707;26-05-2004;60;24000; ;U;4,95;0;6,99;1,10;3
2;690;27-05-2004;60;24999; ;U;4,95;0;7,19;1,11;2
3;685;27-05-2004;60;25000; ;U;4,95;0;8,24;1,11;1
2;707;27-05-2004;60;21789; ;U;4,95;0;7,19;1,11;3
1;711;28-05-2004;60;25000; ;U;4,95;0;4,95;1,11;1
2;687;29-05-2004;60;23000; ;U;4,95;0;7,19;1,11;3
3;695;29-05-2004;60;20000; ;U;4,95;0;8,24;1,11;2
1;688;01-06-2004;60;20719; ;U;4,95;0;4,95;1,13;3
3;708;30-05-2004;60;23000; ;U;4,95;0;7,24;1,11;2
3;696;31-05-2004;60;24499; ;U;4,95;0;8,24;1,11;3
3;699;01-06-2004;60;20000; ;U;4,95;0;8,24;1,13;1
3;687;01-06-2004;60;19999; ;U;4,95;0;8,24;1,13;3
2;700;01-06-2004;60;18605; ;U;4,95;1;7,19;1,13;1
2;685;01-06-2004;60;25000; ;U;4,95;0;7,19;1,13;3
2;706;01-06-2004;60;24000; ;U;4,95;0;7,19;1,13;1
3;698;02-06-2004;60;20000; ;U;4,95;0;8,24;1,13;2
3;687;02-06-2004;60;17808; ;U;4,95;0;8,24;1,13;1
2;712;02-06-2004;60;18000; ;U;4,95;0;7,19;1,13;1
2;701;02-06-2004;60;24658; ;U;4,95;0;7,19;1,13;2
2;700;02-06-2004;60;20419; ;U;4,95;1;7,19;1,13;1
2;703;02-06-2004;60;20999; ;U;4,95;0;7,19;1,13;2
3;688;02-06-2004;60;21387; ;U;4,95;0;8,24;1,13;1
1;697;03-06-2004;60;23850; ;U;4,95;0;4,95;1,15;3
2;711;03-06-2004;60;25000; ;U;4,95;0;7,19;1,15;1
2;711;03-06-2004;60;25000; ;U;4,95;0;5;1,15;1
2;701;03-06-2004;60;18000; ;U;4,95;1;7,19;1,15;2
3;699;03-06-2004;60;20596; ;U;4,95;0;8,24;1,15;2
3;690;03-06-2004;60;25000; ;U;4,95;0;8,24;1,15;2
3;684;04-06-2004;60;20900; ;U;4,95;1;8,24;1,16;1
3;685;04-06-2004;60;25000; ;U;4,95;0;8,24;1,16;3
3;688;04-06-2004;60;21499; ;U;4,95;1;8,24;1,16;1
2;710;04-06-2004;60;25000; ;U;4,95;0;7,19;1,16;1
2;700;05-06-2004;60;23000; ;U;4,95;0;7,19;1,16;3
2;702;05-06-2004;60;24999; ;U;4,95;1;7,19;1,16;1
3;696;05-06-2004;60;25000; ;U;4,95;0;8,24;1,16;1
2;700;05-06-2004;60;24000; ;U;4,95;0;7,19;1,16;1
2;700;08-06-2004;60;18200; ;U;4,95;1;7,19;1,18;2
1;691;07-06-2004;60;23500; ;U;4,95;0;4,95;1,17;1
3;685;07-06-2004;60;20000; ;U;4,95;0;8,24;1,17;1
2;711;07-06-2004;60;24000; ;U;4,95;0;7,19;1,17;3
1;704;08-06-2004;60;22996; ;U;4,95;0;4,95;1,18;1
2;710;08-06-2004;60;24999; ;U;4,95;0;7,19;1,18;1
3;685;08-06-2004;60;23000; ;U;4,95;0;8,24;1,18;3
2;693;08-06-2004;60;21603; ;U;4,95;0;7,19;1,18;2
1;705;08-06-2004;60;24400; ;U;4,95;0;4,95;1,18;3
3;686;08-06-2004;60;24000; ;U;4,95;0;8,24;1,18;3
3;697;08-06-2004;60;24890; ;U;4,95;0;8,24;1,18;2
3;696;09-06-2004;60;22000; ;U;4,95;0;8,24;1,19;1
3;696;10-06-2004;60;25000; ;U;4,95;0;8,24;1,21;2
1;688;10-06-2004;60;25000; ;U;4,95;0;4,95;1,21;3
3;690;11-06-2004;60;19999; ;U;4,95;0;8,24;1,24;1
3;693;12-06-2004;60;21999; ;U;5,05;0;8,24;1,24;2
3;690;11-06-2004;60;24000; ;U;4,95;0;8,24;1,24;1
3;692;11-06-2004;60;19798; ;U;4,95;1;8,24;1,24;1
3;691;11-06-2004;60;24000; ;U;4,95;0;8,24;1,24;3
2;693;13-06-2004;60;24000; ;U;5,05;0;7,19;1,24;1
2;698;13-06-2004;60;25000; ;U;5,05;0;7,19;1,24;1
3;692;14-06-2004;60;24999; ;U;5,05;0;8,24;1,25;1
3;687;14-06-2004;60;20000; ;U;5,05;0;8,24;1,25;3
3;696;14-06-2004;60;25000; ;U;5,05;0;8,24;1,25;1
3;690;14-06-2004;60;23500; ;U;5,05;0;8,24;1,25;3
2;700;14-06-2004;60;20026; ;U;5,05;0;7,19;1,25;1
2;705;14-06-2004;60;25000; ;U;5,05;0;7,19;1,25;1
2;705;14-06-2004;60;21000; ;U;5,05;0;7,19;1,25;3
3;690;15-06-2004;60;20000; ;U;5,05;0;8,35;1,28;3
3;693;15-06-2004;60;20596; ;U;5,05;0;8,35;1,28;1
2;689;15-06-2004;60;22500; ;U;5,05;0;7,24;1,28;3
3;685;16-06-2004;60;20000; ;U;5,05;1;8,35;1,26;3
2;708;16-06-2004;60;22000; ;U;5,05;0;7,24;1,26;1
1;693;16-06-2004;60;25000; ;U;5,05;0;5,05;1,26;1
2;708;17-06-2004;60;20000; ;U;5,05;0;7,24;1,28;3
3;689;17-06-2004;60;24000; ;U;5,05;0;8,35;1,28;3
2;711;17-06-2004;60;24000; ;U;5,05;0;7,24;1,28;1
2;712;18-06-2004;60;20000; ;U;5,05;0;7,24;1,28;1
2;687;18-06-2004;60;21999; ;U;5,05;0;7,24;1,28;2
2;702;18-06-2004;60;24000; ;U;5,05;0;7,24;1,28;2
3;684;19-06-2004;60;21895; ;U;5,05;1;8,35;1,28;3
2;702;19-06-2004;60;22094; ;U;5,05;0;7,24;1,28;3
3;690;21-06-2004;60;25000; ;U;5,05;0;8,35;1,29;1
1;705;21-06-2004;60;19000; ;U;5,05;0;5,05;1,29;1
3;698;22-06-2004;60;25000; ;U;5,05;0;8,35;1,29;3
1;703;22-06-2004;60;25000; ;U;5,05;0;5,05;1,29;3
2;697;22-06-2004;60;22500; ;U;5,05;1;7,24;1,29;2
2;704;22-06-2004;60;25000; ;U;5,05;0;7,24;1,29;3
3;697;22-06-2004;60;24785; ;U;5,05;0;8,35;1,29;2
3;698;22-06-2004;60;25000; ;U;5,05;0;8,35;1,29;1
3;697;23-06-2004;60;25000; ;U;5,05;0;8,35;1,30;2
2;706;24-06-2004;60;21357; ;U;5,05;0;7,24;1,32;1
3;698;24-06-2004;60;22500; ;U;5,05;0;8,35;1,32;3
3;691;24-06-2004;60;25000; ;U;5,05;0;8,35;1,32;1
3;692;24-06-2004;60;22000; ;U;5,05;0;8,35;1,32;1
2;709;24-06-2004;60;20000; ;U;5,05;0;7,24;1,32;2
3;684;25-06-2004;60;21500; ;U;5,05;0;8,35;1,33;3
2;709;25-06-2004;60;23500; ;U;5,05;0;7,24;1,33;3
2;701;25-06-2004;60;22000; ;U;5,05;0;7,24;1,33;1
3;690;27-06-2004;60;24000; ;U;5,05;0;8,35;1,33;1
2;711;27-06-2004;60;23300; ;U;5,05;0;7,24;1,33;3
1;701;27-06-2004;60;18400; ;U;5,05;1;5,05;1,33;2
3;685;27-06-2004;60;25000; ;U;5,05;0;8,35;1,33;1
3;693;28-06-2004;60;18480; ;U;5,05;0;8,35;1,34;1
2;712;27-06-2004;60;25000; ;U;5,05;0;7,24;1,33;3
3;690;28-06-2004;60;18700; ;U;5,05;0;8,35;1,34;3
3;691;28-06-2004;60;24000; ;U;5,05;0;8,35;1,34;3
2;690;28-06-2004;60;21500; ;U;5,05;0;7,24;1,34;1
1;711;28-06-2004;60;22700; ;U;5,05;1;5,05;1,34;3
3;694;29-06-2004;60;22108; ;U;5,05;0;8,35;1,36;3
3;691;29-06-2004;60;25000; ;U;5,05;0;8,35;1,36;1
3;693;29-06-2004;60;22000; ;U;5,05;0;8,35;1,36;3
2;701;30-06-2004;60;25000; ;U;5,05;0;7,24;1,37;1
3;696;30-06-2004;60;25000; ;U;5,05;0;8,35;1,37;1
3;697;30-06-2004;60;21999; ;U;5,05;0;8,35;1,37;3
3;687;30-06-2004;60;19000; ;U;5,05;0;8,35;1,37;2
3;691;30-06-2004;60;24000; ;U;5,05;0;8,35;1,37;3
2;707;30-06-2004;60;18772; ;U;5,05;1;7,24;1,37;1
3;691;01-07-2004;60;24999; ;U;5,05;0;8,35;1,36;2
3;695;01-07-2004;60;21000; ;U;5,05;0;8,35;1,36;1
2;708;02-07-2004;60;22000; ;U;5,05;0;7,24;1,36;1
3;689;02-07-2004;60;23162; ;U;5,05;0;8,35;1,36;1
2;712;03-07-2004;60;25000; ;U;5,05;0;7,24;1,36;3
3;695;04-07-2004;60;25000; ;U;5,05;0;8,35;1,36;1
3;705;04-07-2004;60;19000; ;U;5,05;0;7,29;1,36;2
3;685;06-07-2004;60;20000; ;U;5,05;0;8,35;1,35;2
3;704;06-07-2004;60;20000; ;U;5,05;0;7,29;1,35;2
2;705;06-07-2004;60;24617; ;U;5,05;0;7,24;1,35;3
2;705;06-07-2004;60;24771; ;U;5,05;0;7,24;1,35;2
2;703;06-07-2004;60;22800; ;U;5,05;0;7,24;1,35;1
1;709;06-07-2004;60;21124; ;U;5,05;1;5,05;1,35;1
3;689;06-07-2004;60;17898; ;U;5,05;0;8,35;1,35;1
3;687;06-07-2004;60;23500; ;U;5,05;0;8,35;1,35;2
3;687;06-07-2004;60;21000; ;U;5,05;0;8,35;1,35;1
2;701;06-07-2004;60;24955; ;U;5,05;1;7,24;1,35;3
1;701;06-07-2004;60;21000; ;U;5,05;0;5,05;1,35;3
3;696;07-07-2004;60;19999; ;U;5,05;0;8,35;1,35;2
3;687;07-07-2004;60;23000; ;U;5,05;0;8,35;1,35;3
2;703;07-07-2004;60;20000; ;U;5,05;0;7,24;1,35;2
1;707;07-07-2004;60;24999; ;U;5,05;0;5,05;1,35;3
3;692;08-07-2004;60;25000; ;U;5,05;0;8,35;1,36;1
2;708;08-07-2004;60;19999; ;U;5,05;0;7,24;1,36;2
3;693;08-07-2004;60;25000; ;U;5,05;0;8,35;1,36;3
3;711;08-07-2004;60;24000; ;U;5,05;0;7,29;1,36;2
3;696;08-07-2004;60;25000; ;U;5,05;0;8,35;1,36;1
1;706;09-07-2004;60;18766; ;U;5,05;0;5,05;1,37;1
3;698;09-07-2004;60;20000; ;U;5,05;0;8,35;1,37;3
2;712;09-07-2004;60;20000; ;U;5,05;0;7,24;1,37;2
2;705;09-07-2004;60;25000; ;U;5,05;0;7,24;1,37;2
3;684;09-07-2004;60;25000; ;U;5,05;0;8,1;1,37;3
2;705;09-07-2004;60;24999; ;U;5,05;0;7,24;1,37;1
3;685;10-07-2004;60;18348; ;U;5,05;1;8,35;1,37;1
2;705;10-07-2004;60;21500; ;U;5,05;0;7,24;1,37;3
2;712;12-07-2004;60;22000; ;U;5,05;0;7,24;1,38;1
3;702;12-07-2004;60;20990; ;U;5,05;1;7,29;1,38;1
3;685;12-07-2004;60;18000; ;U;5,05;0;8,35;1,38;1
3;686;12-07-2004;60;25000; ;U;5,05;1;8,35;1,38;1
2;689;12-07-2004;60;23180; ;U;5,05;0;6,24;1,38;3
2;704;12-07-2004;60;19145; ;U;5,05;0;7,24;1,38;1
3;699;12-07-2004;60;20500; ;U;5,05;0;8,35;1,38;1
2;705;12-07-2004;60;25000; ;U;5,05;0;7,24;1,38;1
3;691;13-07-2004;60;23000; ;U;5,05;0;8,35;1,38;2
3;685;13-07-2004;60;21000; ;U;5,05;0;8,35;1,38;1
1;694;13-07-2004;60;25000; ;U;5,05;0;5,05;1,38;2
2;712;13-07-2004;60;20000; ;U;5,05;0;6,24;1,38;3
2;704;14-07-2004;60;20000; ;U;5,05;0;6,24;1,39;3
2;700;14-07-2004;60;22000; ;U;5,05;0;7,24;1,39;1
3;684;14-07-2004;60;25000; ;U;5,05;0;8,35;1,39;1
2;704;14-07-2004;60;20000; ;U;5,05;0;7,24;1,39;1
3;690;14-07-2004;60;24000; ;U;5,05;0;8,35;1,39;1
3;700;14-07-2004;60;21200; ;U;5,05;1;4,59;1,39;3
2;705;15-07-2004;60;25000; ;U;5,05;0;7,24;1,41;2
2;712;15-07-2004;60;21000; ;U;5,05;0;7,24;1,41;1
2;701;16-07-2004;60;18000; ;U;5,05;0;7,24;1,42;2
3;687;16-07-2004;60;21979; ;U;5,05;0;8,35;1,42;1
3;688;16-07-2004;60;21900; ;U;5,05;0;8,35;1,42;1
3;685;16-07-2004;60;25000; ;U;5,05;0;8,35;1,42;1
2;711;17-07-2004;60;20000; ;U;5,05;0;6,34;1,42;2
3;692;17-07-2004;60;22000; ;U;5,05;0;8,35;1,42;3
3;695;17-07-2004;60;25000; ;U;5,05;0;8,35;1,42;1
3;690;17-07-2004;60;19000; ;U;5,05;0;8,35;1,42;3
2;709;18-07-2004;60;23300; ;U;5,05;0;6,34;1,42;1
3;687;19-07-2004;60;25000; ;U;5,05;0;8,35;1,42;2
3;696;19-07-2004;60;20000; ;U;5,05;0;8,35;1,42;2
2;710;19-07-2004;60;25000; ;U;5,05;0;6,34;1,42;1
3;690;19-07-2004;60;19924; ;U;5,05;0;8,35;1,42;3
3;706;19-07-2004;60;22500; ;U;5,05;0;8,35;1,42;3
3;687;19-07-2004;60;18500; ;U;5,05;1;8,35;1,42;1
2;706;19-07-2004;60;20500; ;U;5,05;1;6,34;1,42;1
3;688;20-07-2004;60;22000; ;U;5,05;0;8,35;1,43;1
2;712;20-07-2004;60;18681; ;U;5,05;1;6,34;1,43;1
3;691;20-07-2004;60;25000; ;U;5,05;0;8,35;1,43;2
2;701;21-07-2004;60;25000; ;U;5,05;0;6,34;1,43;1
3;690;21-07-2004;60;19999; ;U;5,05;0;8,35;1,43;3
2;701;21-07-2004;60;22999; ;U;5,05;0;6,34;1,43;2
2;709;22-07-2004;60;20000; ;U;5,05;0;6,34;1,45;3
2;706;22-07-2004;60;23434; ;U;5,05;1;6,34;1,45;1
2;704;22-07-2004;60;18703; ;U;5,05;1;6,34;1,45;1
2;704;22-07-2004;60;23000; ;U;5,05;0;6,34;1,45;1
2;705;23-07-2004;60;19256; ;U;5,05;0;6,34;1,45;3
2;707;23-07-2004;60;18942; ;U;5,05;1;6,34;1,45;3
2;704;23-07-2004;60;20000; ;U;5,05;0;6,34;1,45;2
3;699;01-08-2004;60;24000; ;U;5,15;0;8,55;1,50;3
3;695;01-08-2004;60;20000; ;U;5,15;0;8,55;1,50;1
3;690;02-08-2004;60;20846; ;U;5,15;1;8,55;1,51;3
2;709;02-08-2004;60;19500; ;U;5,15;0;6,34;1,51;1
2;703;02-08-2004;60;24000; ;U;5,15;0;6,34;1,51;3
3;712;02-08-2004;60;22258; ;U;5,15;0;6,39;1,51;3
2;708;02-08-2004;60;21500; ;U;5,15;0;6,34;1,51;3
2;700;02-08-2004;60;25000; ;U;5,15;0;6,34;1,51;1
2;706;02-08-2004;60;20000; ;U;5,15;0;6,34;1,51;3
2;704;02-08-2004;60;24000; ;U;5,15;0;6,34;1,51;3
3;698;02-08-2004;60;20000; ;U;5,15;0;8,55;1,51;1
3;685;03-08-2004;60;23000; ;U;5,15;0;8,65;1,53;3
2;704;04-08-2004;60;24999; ;U;5,15;0;6,44;1,54;2
2;712;04-08-2004;60;21500; ;U;5,15;0;6,44;1,54;2
2;706;04-08-2004;60;25000; ;U;5,15;0;6,44;1,54;2
2;693;04-08-2004;60;21079; ;U;5,15;1;6,44;1,54;2
2;704;04-08-2004;60;25000; ;U;5,15;0;6,44;1,54;3
3;696;05-08-2004;60;21000; ;U;5,15;0;8,65;1,56;1
2;707;05-08-2004;60;23082; ;U;5,15;0;6,44;1,56;3
2;708;05-08-2004;60;18000; ;U;5,15;0;6,44;1,56;1
2;699;05-08-2004;60;22000; ;U;5,15;0;6,44;1,56;1
3;687;05-08-2004;60;22158; ;U;5,15;1;8,65;1,56;1
3;694;06-08-2004;60;25000; ;U;5,15;0;8,65;1,57;3
2;705;06-08-2004;60;25000; ;U;5,15;0;6,44;1,57;3
3;698;06-08-2004;60;20000; ;U;5,15;0;8,55;1,57;3
3;696;06-08-2004;60;20000; ;U;5,15;0;8,65;1,57;1
2;709;06-08-2004;60;25000; ;U;5,15;0;6,44;1,57;3
2;705;07-08-2004;60;18000; ;U;5,15;0;6,44;1,57;1
2;706;09-08-2004;60;20180; ;U;5,15;1;6,44;1,57;1
3;685;08-08-2004;60;22000; ;U;5,15;0;8,65;1,57;3
3;699;09-08-2004;60;19387; ;U;5,15;0;8,65;1,57;1
2;707;09-08-2004;60;24000; ;U;5,15;0;6,44;1,57;1
2;709;09-08-2004;60;20161; ;U;5,15;1;6,44;1,57;3
3;692;09-08-2004;60;23000; ;U;5,15;0;8,65;1,57;3
2;705;10-08-2004;60;19000; ;U;5,15;0;6,44;1,58;1
2;707;10-08-2004;60;24861; ;U;5,15;1;6,44;1,58;3
3;691;11-08-2004;60;25000; ;U;5,15;0;8,65;1,60;1
2;710;11-08-2004;60;19000; ;U;5,15;0;6,44;1,60;3
3;690;13-08-2004;60;18000; ;U;5,15;0;8,65;1,60;1
2;708;13-08-2004;60;25000; ;U;5,15;0;6,44;1,60;3
3;685;16-08-2004;60;21999; ;U;5,15;0;8,65;1,60;3
3;684;16-08-2004;60;25000; ;U;5,15;0;8,65;1,60;1
2;705;16-08-2004;60;25000; ;U;5,15;0;6,44;1,60;1
3;691;16-08-2004;60;19718; ;U;5,15;1;8,65;1,60;3
2;700;16-08-2004;60;25000; ;U;5,15;0;6,44;1,60;1
2;707;16-08-2004;60;20000; ;U;5,15;0;6,44;1,60;1
3;689;16-08-2004;60;24500; ;U;5,15;0;8,65;1,60;1
2;707;16-08-2004;60;20692; ;U;5,15;1;6,44;1,60;3
3;689;17-08-2004;60;23000; ;U;5,15;0;8,65;1,60;1
3;691;17-08-2004;60;22439; ;U;5,15;0;8,65;1,60;3
3;687;17-08-2004;60;24748; ;U;5,15;1;8,65;1,60;1
2;707;18-08-2004;60;18149; ;U;5,15;1;6,44;1,60;1
2;702;18-08-2004;60;24500; ;U;5,15;0;4,54;1,60;3
3;685;18-08-2004;60;19100; ;U;5,15;0;8,65;1,60;1
3;685;18-08-2004;60;19100; ;U;5,15;0;8,65;1,60;1
3;696;19-08-2004;60;18500; ;U;5,15;0;8,65;1,61;3
3;692;19-08-2004;60;23000; ;U;5,15;0;8,65;1,61;3
3;691;20-08-2004;60;20205; ;U;5,15;0;8,65;1,61;3
3;695;20-08-2004;60;24000; ;U;5,15;0;8,65;1,61;1
3;689;20-08-2004;60;23700; ;U;5,15;0;8,65;1,61;3
2;707;21-08-2004;60;20000; ;U;5,15;0;6,44;1,61;3
3;687;22-08-2004;60;25000; ;U;5,15;0;8,65;1,61;3
3;692;23-08-2004;60;23000; ;U;5,15;0;8,65;1,62;1
3;697;23-08-2004;60;25000; ;U;5,15;0;6,49;1,62;3
3;689;23-08-2004;60;24284; ;U;5,15;0;8,65;1,62;3
3;693;24-08-2004;60;20000; ;U;5,15;0;8,65;1,63;3
3;686;24-08-2004;60;21000; ;U;5,15;0;8,65;1,63;1
3;690;24-08-2004;60;23500; ;U;5,15;0;8,65;1,63;3
3;707;24-08-2004;60;24518; ;U;5,15;0;8,65;1,63;3
3;689;24-08-2004;60;20398; ;U;5,15;1;8,65;1,63;3
2;704;25-08-2004;60;25000; ;U;5,15;0;6,44;1,63;1
2;701;25-08-2004;60;19000; ;U;5,15;1;6,44;1,63;3
3;688;25-08-2004;60;25000; ;U;5,15;1;8,65;1,63;1
3;696;27-08-2004;60;21992; ;U;5,15;0;8,65;1,65;3
3;691;27-08-2004;60;21000; ;U;5,15;0;8,65;1,65;1
2;706;27-08-2004;60;20000; ;U;5,15;0;6,44;1,65;1
3;695;27-08-2004;60;22000; ;U;5,15;0;8,65;1,65;1
3;687;27-08-2004;60;19698; ;U;5,15;1;8,65;1,65;3
3;699;28-08-2004;60;25000; ;U;5,15;0;8,65;1,65;3
2;712;28-08-2004;60;22489; ;U;5,15;0;6,44;1,65;1
3;692;28-08-2004;60;25000; ;U;5,15;0;8,65;1,65;1
2;711;29-08-2004;60;22000; ;U;4,89;0;6,44;1,65;1
2;705;29-08-2004;60;22900; ;U;4,89;0;6,44;1,65;3
2;700;29-08-2004;60;20000; ;U;4,89;0;6,44;1,65;3
3;694;29-08-2004;60;18000; ;U;4,89;0;8,65;1,65;3
3;685;30-08-2004;60;23707; ;U;4,89;0;8,65;1,65;1
3;694;30-08-2004;60;20000; ;U;4,89;0;8,65;1,65;1
2;700;31-08-2004;60;19500; ;U;4,89;0;6,44;1,67;3
3;687;31-08-2004;60;20999; ;U;4,89;0;8,65;1,67;1
3;692;31-08-2004;60;18000; ;U;4,89;0;8,65;1,67;3
3;712;01-09-2004;60;25000; ;U;4,89;0;8,65;1,67;3
2;701;01-09-2004;60;24500; ;U;4,89;1;6,44;1,67;1
3;692;01-09-2004;60;25000; ;U;4,89;0;8,65;1,67;3
3;699;01-09-2004;60;25000; ;U;4,89;0;8,65;1,67;3
3;692;01-09-2004;60;20000; ;U;4,89;0;8,65;1,67;3
2;702;02-09-2004;60;18052; ;U;4,89;0;6,44;1,69;3
1;691;02-09-2004;60;25000; ;U;4,89;0;4,89;1,69;3
3;694;02-09-2004;60;25000; ;U;4,89;0;8,65;1,69;3
3;695;02-09-2004;60;18744; ;U;4,89;1;8,65;1,69;3
3;687;02-09-2004;60;25000; ;U;4,89;0;8,65;1,69;1
3;687;03-09-2004;60;25000; ;U;4,89;0;8,65;1,70;3
1;697;03-09-2004;60;19000; ;U;4,89;0;4,89;1,70;1
2;706;04-09-2004;60;25000; ;U;4,89;0;6,34;1,70;3
2;711;04-09-2004;60;18000; ;U;4,89;0;6,44;1,70;3
3;695;05-09-2004;60;24270; ;U;4,89;1;8,65;1,70;1
1;702;07-09-2004;60;25000; ;U;4,89;0;4,89;1,74;1
2;707;07-09-2004;60;18000; ;U;4,89;0;6,44;1,74;1
3;687;07-09-2004;60;22000; ;U;4,89;0;8,65;1,74;1
3;689;08-09-2004;60;22329; ;U;4,89;0;8,65;1,74;1
3;688;08-09-2004;60;20000; ;U;4,89;0;8,65;1,74;3
3;687;08-09-2004;60;24999; ;U;4,89;1;8,65;1,74;1
3;685;08-09-2004;60;18000; ;U;4,89;0;8,65;1,74;3
2;707;09-09-2004;60;19500; ;U;4,89;0;6,44;1,75;1
2;711;10-09-2004;60;18000; ;U;4,89;0;6,44;1,76;1
3;696;10-09-2004;60;17956; ;U;4,89;0;8,65;1,76;3
3;698;11-09-2004;60;18000; ;U;4,89;0;8,65;1,76;3
2;706;11-09-2004;60;19500; ;U;4,89;1;6,44;1,76;1
2;709;12-09-2004;60;22000; ;U;4,89;0;6,44;1,76;1
3;699;12-09-2004;60;25000; ;U;4,89;0;8,65;1,76;1
3;688;13-09-2004;60;19999; ;U;4,89;0;8,65;1,76;1
3;699;13-09-2004;60;24999; ;U;4,89;0;8,65;1,76;3
3;685;13-09-2004;60;20720; ;U;4,89;0;8,65;1,76;3
2;708;13-09-2004;60;25000; ;U;4,89;0;6,44;1,76;3
3;688;13-09-2004;60;21856; ;U;4,89;0;8,65;1,76;3
3;691;14-09-2004;60;25000; ;U;4,89;0;8,65;1,78;3
3;686;14-09-2004;60;20224; ;U;4,89;0;8,65;1,78;3
3;695;14-09-2004;60;20000; ;U;4,89;0;8,65;1,78;3
3;694;14-09-2004;60;19427; ;U;4,89;0;8,65;1,78;3
3;687;15-09-2004;60;24500; ;U;4,89;0;8,65;1,79;1
3;685;15-09-2004;60;25000; ;U;4,89;0;8,65;1,79;3
1;711;15-09-2004;60;19000; ;U;4,89;0;4,89;1,79;1
3;691;15-09-2004;60;21923; ;U;4,89;1;8,65;1,79;1
2;702;15-09-2004;60;25000; ;U;4,89;0;6,44;1,79;1
2;711;15-09-2004;60;21000; ;U;4,89;0;6,44;1,79;1
3;692;16-09-2004;60;25000; ;U;4,89;0;8,65;1,81;3
3;694;16-09-2004;60;25000; ;U;4,89;0;8,65;1,81;1
3;689;16-09-2004;60;18549; ;U;4,89;1;8,65;1,81;1
1;688;18-09-2004;60;18400; ;U;4,79;0;4,79;1,82;3
3;685;19-09-2004;60;25000; ;U;4,79;0;8,65;1,82;1
3;686;19-09-2004;60;23000; ;U;4,79;0;8,65;1,82;1
2;702;19-09-2004;60;25000; ;U;4,79;0;6,44;1,82;3
3;684;20-09-2004;60;24000; ;U;4,79;0;8,65;1,83;3
3;690;20-09-2004;60;18000; ;U;4,79;0;8,65;1,83;1
3;690;23-09-2004;60;25000; ;U;4,79;0;8,65;1,84;3
3;688;21-09-2004;60;20000; ;U;4,79;0;8,65;1,83;1
3;685;21-09-2004;60;24000; ;U;4,79;0;8,65;1,83;1
3;692;21-09-2004;60;20000; ;U;4,79;0;8,65;1,83;1
3;685;21-09-2004;60;18000; ;U;4,79;0;8,65;1,83;3
2;707;23-09-2004;60;19999; ;U;4,79;0;6,44;1,84;1
2;706;23-09-2004;60;20290; ;U;4,79;1;6,44;1,84;1
3;685;23-09-2004;60;20683; ;U;4,79;0;8,65;1,84;2
2;707;24-09-2004;60;20000; ;U;4,79;0;6,44;1,84;1
2;704;24-09-2004;60;25000; ;U;4,79;0;6,44;1,84;2
3;697;24-09-2004;60;23500; ;U;4,79;0;8,65;1,84;1
2;707;24-09-2004;60;21000; ;U;4,79;0;6,44;1,84;2
3;694;25-09-2004;60;21000; ;U;4,79;0;8,65;1,84;2
2;707;25-09-2004;60;20000; ;U;4,79;0;6,44;1,84;1
2;710;25-09-2004;60;17999; ;U;4,79;0;6,44;1,84;2
2;702;25-09-2004;60;22000; ;U;4,79;0;6,44;1,84;2
3;704;27-09-2004;60;24000; ;U;4,79;1;6,49;1,84;1
3;685;27-09-2004;60;20500; ;U;4,79;0;8,65;1,84;2
3;693;27-09-2004;60;19400; ;U;4,79;0;8,65;1,84;1
2;702;27-09-2004;60;23000; ;U;4,79;0;6,44;1,84;2
2;688;27-09-2004;60;25000; ;U;4,79;0;6,44;1,84;2
2;710;27-09-2004;60;19000; ;U;4,79;0;6,44;1,84;2
2;709;27-09-2004;60;20000; ;U;4,79;0;6,44;1,84;2
3;687;27-09-2004;60;20000; ;U;4,79;0;8,65;1,84;3
2;712;27-09-2004;60;24500; ;U;4,79;0;6,44;1,84;1
3;685;28-09-2004;60;25000; ;U;4,79;0;8,65;1,84;2
2;701;28-09-2004;60;20000; ;U;4,79;0;6,44;1,84;1
2;702;28-09-2004;60;20000; ;U;4,79;0;6,44;1,84;2
1;684;28-09-2004;60;21600; ;U;4,79;0;4,79;1,84;2
2;710;28-09-2004;60;22984; ;U;4,79;0;6,34;1,84;3
3;687;28-09-2004;60;22000; ;U;4,79;0;8,65;1,84;3
1;709;28-09-2004;60;20000; ;U;4,79;0;4,79;1,84;2
3;692;28-09-2004;60;20000; ;U;4,79;0;8,65;1,84;3
3;684;29-09-2004;60;21000; ;U;4,79;0;8,65;1,84;1
3;697;29-09-2004;60;24164; ;U;4,79;0;8,65;1,84;3
3;699;29-09-2004;60;25000; ;U;4,79;0;8,65;1,84;1
3;693;29-09-2004;60;22000; ;U;4,79;0;8,65;1,84;2
3;706;29-09-2004;60;20000; ;U;4,79;0;6,49;1,84;3
2;703;30-09-2004;60;25000; ;U;4,79;0;6,44;1,84;2
3;688;30-09-2004;60;21000; ;U;4,79;0;8,65;1,84;3
3;694;30-09-2004;60;24999; ;U;4,79;0;8,65;1,84;2
2;710;30-09-2004;60;24000; ;U;4,79;0;6,44;1,84;2
2;685;30-09-2004;60;24000; ;U;4,79;0;6,44;1,84;1
3;698;30-09-2004;60;25000; ;U;4,79;0;8,65;1,84;1
3;690;30-09-2004;60;20582; ;U;4,79;0;8,65;1,84;3
3;690;30-09-2004;60;25000; ;U;4,79;0;8,65;1,84;1
3;699;30-09-2004;60;20988; ;U;4,79;0;8,65;1,84;3
3;691;01-10-2004;60;25000; ;U;4,79;0;8,65;1,84;2
3;688;01-10-2004;60;18653; ;U;4,79;1;8,65;1,84;1
1;710;01-10-2004;60;23305; ;U;4,79;1;4,79;1,84;2
3;692;01-10-2004;60;21300; ;U;4,79;1;8,65;1,84;3
2;710;01-10-2004;60;23000; ;U;4,79;0;6,44;1,84;2
3;689;01-10-2004;60;18345; ;U;4,79;0;8,65;1,84;3
1;699;01-10-2004;60;21290; ;U;4,79;1;4,79;1,84;1
2;697;02-10-2004;60;23700; ;U;4,79;1;6,44;1,84;3
3;696;02-10-2004;60;20000; ;U;4,79;0;8,65;1,84;3
3;688;02-10-2004;60;18000; ;U;4,79;0;8,65;1,84;1
2;711;03-10-2004;60;25000; ;U;4,79;0;6,44;1,84;3
3;686;03-10-2004;60;25000; ;U;4,79;0;8,65;1,84;1
2;709;03-10-2004;60;18000; ;U;4,79;0;6,44;1,84;3
3;692;03-10-2004;60;24495; ;U;4,79;0;8,65;1,84;2
3;695;03-10-2004;60;18000; ;U;4,79;0;8,65;1,84;2
2;711;03-10-2004;60;22000; ;U;4,79;0;6,44;1,84;3
2;703;03-10-2004;60;20000; ;U;4,79;0;6,44;1,84;3
2;709;03-10-2004;60;21000; ;U;4,79;0;6,44;1,84;1
3;698;04-10-2004;60;20036; ;U;4,79;1;8,65;1,84;3
1;709;04-10-2004;60;19999; ;U;4,79;0;4,79;1,84;3
2;710;04-10-2004;60;21000; ;U;4,79;0;6,44;1,84;2
2;711;04-10-2004;60;23500; ;U;4,79;0;6,44;1,84;2
2;708;04-10-2004;60;20000; ;U;4,79;0;6,44;1,84;2
3;689;04-10-2004;60;25000; ;U;4,79;0;8,65;1,84;2
2;700;05-10-2004;60;22000; ;U;4,79;0;6,44;1,84;2
1;711;05-10-2004;60;21000; ;U;4,79;0;4,79;1,84;1
2;707;05-10-2004;60;21660; ;U;4,79;0;6,44;1,84;2
2;708;05-10-2004;60;24500; ;U;4,79;0;6,44;1,84;1
2;689;05-10-2004;60;17999; ;U;4,79;0;6,44;1,84;2
2;712;05-10-2004;60;25000; ;U;4,79;0;6,44;1,84;3
2;694;05-10-2004;60;25000; ;U;4,79;0;6,44;1,84;2
3;685;05-10-2004;60;19580; ;U;4,79;1;8,65;1,84;2
1;700;05-10-2004;60;24500; ;U;4,79;0;4,79;1,84;2
1;708;05-10-2004;60;22000; ;U;4,79;0;4,79;1,84;2
3;696;06-10-2004;60;24284; ;U;4,79;0;8,65;1,84;2
3;695;06-10-2004;60;20000; ;U;4,79;0;8,65;1,84;2
3;697;06-10-2004;60;25000; ;U;4,79;0;8,65;1,84;2
3;694;07-10-2004;60;24075; ;U;4,79;0;8,65;1,86;3
2;706;07-10-2004;60;21900; ;U;4,79;0;6,44;1,86;1
3;692;07-10-2004;60;20500; ;U;4,79;0;8,65;1,86;2
3;702;07-10-2004;60;22393; ;U;4,79;1;6,49;1,86;1
2;709;07-10-2004;60;25000; ;U;4,79;0;6,44;1,86;2
3;699;07-10-2004;60;22000; ;U;4,79;0;8,65;1,86;2
3;689;07-10-2004;60;23602; ;U;4,79;0;8,65;1,86;1
3;689;07-10-2004;60;23000; ;U;4,79;0;8,65;1,86;2
3;699;08-10-2004;60;22000; ;U;4,79;0;8,65;1,86;2
3;708;08-10-2004;60;19500; ;U;4,79;0;6,49;1,86;2
3;692;08-10-2004;60;24999; ;U;4,79;0;8,65;1,86;2
3;704;08-10-2004;60;20000; ;U;4,79;0;6,49;1,86;3
2;709;08-10-2004;60;22999; ;U;4,79;0;6,44;1,86;2
3;685;09-10-2004;60;20000; ;U;4,79;0;8,65;1,86;2
3;690;10-10-2004;60;23500; ;U;4,79;0;8,65;1,86;2
3;691;11-10-2004;60;23146; ;U;4,79;0;8,65;1,86;1
2;708;11-10-2004;60;25000; ;U;4,79;0;6,44;1,86;1
2;689;11-10-2004;60;17999; ;U;4,79;0;6,44;1,86;2
2;712;11-10-2004;60;25000; ;U;4,79;0;6,44;1,86;2
3;692;11-10-2004;60;23450; ;U;4,79;0;8,65;1,86;1
2;686;11-10-2004;60;25000; ;U;4,79;0;6,44;1,86;2
2;689;11-10-2004;60;18400; ;U;4,79;0;6,44;1,86;2
3;687;11-10-2004;60;20000; ;U;4,79;0;8,65;1,86;1
3;688;12-10-2004;60;24999; ;U;4,79;0;8,65;1,87;2
3;686;12-10-2004;60;25000; ;U;4,79;0;8,65;1,87;3
1;693;13-10-2004;60;22432; ;U;4,79;0;4,79;1,87;2
3;697;12-10-2004;60;18900; ;U;4,79;0;8,65;1,87;1
3;687;12-10-2004;60;20000; ;U;4,79;0;8,65;1,87;1
2;702;13-10-2004;60;22000; ;U;4,79;0;6,44;1,87;2
3;695;14-10-2004;60;19999; ;U;4,79;0;8,65;1,89;2
2;703;14-10-2004;60;24500; ;U;4,79;0;6,44;1,89;2
3;687;14-10-2004;60;21999; ;U;4,79;0;8,65;1,89;1
2;702;14-10-2004;60;22000; ;U;4,79;0;6,44;1,89;2
3;697;14-10-2004;60;25000; ;U;4,79;0;8,65;1,89;3
3;685;14-10-2004;60;22000; ;U;4,79;0;8,65;1,89;2
2;700;15-10-2004;60;23000; ;U;4,79;0;6,44;1,89;2
3;686;15-10-2004;60;18099; ;U;4,79;0;8,65;1,89;1
2;704;15-10-2004;60;23300; ;U;4,79;0;6,44;1,89;3
2;706;15-10-2004;60;17874; ;U;4,79;1;6,44;1,89;1
2;707;16-10-2004;60;18000; ;U;4,79;0;6,44;1,89;1
2;689;16-10-2004;60;25000; ;U;4,79;0;6,44;1,89;2
2;703;16-10-2004;60;20000; ;U;4,79;0;6,44;1,89;2
2;711;17-10-2004;60;21383; ;U;4,79;0;6,44;1,89;2
2;712;19-10-2004;60;22000; ;U;4,79;0;6,44;1,91;2
3;686;17-10-2004;60;24000; ;U;4,79;0;8,65;1,89;2
3;685;17-10-2004;60;24000; ;U;4,79;0;8,65;1,89;2
2;707;18-10-2004;60;20000; ;U;4,79;0;6,44;1,91;2
3;699;18-10-2004;60;22000; ;U;4,79;0;8,65;1,91;1
3;692;18-10-2004;60;20000; ;U;4,79;0;8,65;1,91;1
2;706;18-10-2004;60;18000; ;U;4,79;0;6,19;1,91;3
3;684;18-10-2004;60;24000; ;U;4,79;0;8,65;1,91;2
2;707;18-10-2004;60;21719; ;U;4,79;1;6,44;1,91;3
2;705;18-10-2004;60;23000; ;U;4,79;0;6,44;1,91;2
2;700;18-10-2004;60;22000; ;U;4,79;0;6,44;1,91;2
3;691;19-10-2004;60;24000; ;U;4,79;0;8,65;1,91;1
2;701;19-10-2004;60;21400; ;U;4,79;1;6,44;1,91;1
3;700;19-10-2004;60;19999; ;U;4,79;0;6,49;1,91;2
3;684;19-10-2004;60;18500; ;U;4,79;0;8,65;1,91;1
2;703;20-10-2004;60;19079; ;U;4,79;0;6,44;1,91;2
2;700;20-10-2004;60;22000; ;U;4,79;0;6,44;1,91;3
3;692;20-10-2004;60;25000; ;U;4,79;0;8,65;1,91;2
2;710;20-10-2004;60;18886; ;U;4,79;0;6,44;1,91;3
3;708;21-10-2004;60;25000; ;U;4,79;0;6,49;1,93;2
3;689;21-10-2004;60;25000; ;U;4,79;0;8,65;1,93;1
2;703;21-10-2004;60;21500; ;U;4,79;0;6,44;1,93;2
3;704;21-10-2004;60;20000; ;U;4,79;0;8,65;1,93;3
3;701;21-10-2004;60;25000; ;U;4,79;0;6,49;1,93;2
3;696;21-10-2004;60;19000; ;U;4,79;0;8,65;1,93;2
2;702;21-10-2004;60;19000; ;U;4,79;0;6,44;1,93;2
2;709;21-10-2004;60;25000; ;U;4,79;0;6,44;1,93;3
3;701;21-10-2004;60;25000; ;U;4,79;0;6,49;1,93;3
2;707;21-10-2004;60;20000; ;U;4,79;0;6,44;1,93;2
3;689;22-10-2004;60;18999; ;U;4,79;0;8,65;1,94;2
2;704;22-10-2004;60;19999; ;U;4,79;0;6,44;1,94;2
2;709;22-10-2004;60;24000; ;U;4,79;0;6,44;1,94;2
3;697;22-10-2004;60;18510; ;U;4,79;0;8,65;1,94;1
3;688;22-10-2004;60;22000; ;U;4,79;0;8,65;1,94;2
2;711;22-10-2004;60;22000; ;U;4,79;0;6,44;1,94;2
2;709;22-10-2004;60;21999; ;U;4,79;0;6,44;1,94;2
3;695;23-10-2004;60;25000; ;U;4,79;0;8,65;1,94;3
2;700;23-10-2004;60;23748; ;U;4,79;0;6,44;1,94;2
3;689;24-10-2004;60;19000; ;U;4,79;0;8,65;1,94;2
3;685;24-10-2004;60;20000; ;U;4,79;0;8,65;1,94;2
1;705;24-10-2004;60;23000; ;U;4,79;0;4,79;1,94;2
2;701;24-10-2004;60;20000; ;U;4,79;0;6,44;1,94;2
3;699;24-10-2004;60;23200; ;U;4,79;0;8,65;1,94;1
3;698;25-10-2004;60;25000; ;U;4,79;0;8,65;1,95;1
3;698;25-10-2004;60;20000; ;U;4,79;0;8,65;1,95;2
3;699;25-10-2004;60;24000; ;U;4,79;0;8,65;1,95;2
2;709;25-10-2004;60;23000; ;U;4,79;1;6,44;1,95;1
3;689;25-10-2004;60;25000; ;U;4,79;0;8,65;1,95;1
3;692;25-10-2004;60;25000; ;U;4,79;0;8,65;1,95;2
2;701;25-10-2004;60;22000; ;U;4,79;0;6,44;1,95;1
2;711;26-10-2004;60;22560; ;U;4,79;0;6,44;1,96;2
3;691;26-10-2004;60;25000; ;U;4,79;0;8,65;1,96;1
3;700;26-10-2004;60;19630; ;U;4,79;0;6,49;1,96;2
2;685;26-10-2004;60;25000; ;U;4,79;0;6,44;1,96;3
3;694;26-10-2004;60;23988; ;U;4,79;0;8,65;1,96;2
2;709;27-10-2004;60;17999; ;U;4,79;0;6,44;1,96;2
2;700;27-10-2004;60;23000; ;U;4,79;0;6,44;1,96;2
3;691;27-10-2004;60;19000; ;U;4,79;0;8,65;1,96;3
2;711;27-10-2004;60;20500; ;U;4,79;0;6,44;1,96;2
3;685;27-10-2004;60;22500; ;U;4,79;0;8,65;1,96;1
3;699;27-10-2004;60;20000; ;U;4,79;0;8,65;1,96;2
2;706;28-10-2004;60;21000; ;U;4,79;0;6,44;1,99;2
3;685;28-10-2004;60;20769; ;U;4,79;1;8,65;1,99;1
3;698;28-10-2004;60;23000; ;U;4,79;0;8,65;1,99;1
2;702;28-10-2004;60;20000; ;U;4,79;0;6,44;1,99;2
3;685;28-10-2004;60;23500; ;U;4,79;0;8,65;1,99;2
3;688;28-10-2004;60;24500; ;U;4,79;0;8,65;1,99;3
3;701;28-10-2004;60;25000; ;U;4,79;0;6,49;1,99;3
3;696;29-10-2004;60;21817; ;U;4,79;0;8,65;2,00;2
2;707;29-10-2004;60;21000; ;U;4,79;0;6,44;2,00;2
2;711;29-10-2004;60;20885; ;U;4,79;1;6,44;2,00;1
2;709;29-10-2004;60;20000; ;U;4,79;1;6,44;2,00;3
2;705;29-10-2004;60;20000; ;U;4,79;1;6,44;2,00;3
3;696;30-10-2004;60;19821; ;U;4,79;0;8,65;2,00;2
2;693;30-10-2004;60;22000; ;U;4,79;0;6,44;2,00;2
2;707;30-10-2004;60;22500; ;U;4,79;0;6,44;2,00;3
2;704;31-10-2004;60;24000; ;U;4,79;0;6,44;2,00;2
3;698;31-10-2004;60;20000; ;U;4,79;0;8,65;2,00;1
2;710;31-10-2004;60;19490; ;U;4,79;0;6,44;2,00;2
3;708;31-10-2004;60;24538; ;U;4,79;0;6,49;2,00;2
2;702;31-10-2004;60;24500; ;U;4,79;0;6,44;2,00;1
2;710;31-10-2004;60;20000; ;U;4,79;0;6,44;2,00;3
2;707;31-10-2004;60;21000; ;U;4,79;0;6,44;2,00;2
3;688;31-10-2004;60;24000; ;U;4,79;0;8,65;2,00;3
1;703;31-10-2004;60;20500; ;U;4,79;0;4,79;2,00;2
3;687;01-11-2004;60;25000; ;U;4,79;0;8,65;2,02;3
3;688;01-11-2004;60;21000; ;U;4,79;0;8,55;2,02;3
2;701;01-11-2004;60;20000; ;U;4,79;0;6,44;2,02;2
2;701;01-11-2004;60;20000; ;U;4,79;0;6,44;2,02;3
2;709;01-11-2004;60;22000; ;U;4,79;0;6,44;2,02;2
3;686;01-11-2004;60;25000; ;U;4,79;0;8,65;2,02;2
3;690;02-11-2004;60;19999; ;U;4,79;0;8,65;2,04;1
3;692;02-11-2004;60;23000; ;U;4,79;0;8,65;2,04;2
3;695;02-11-2004;60;18000; ;U;4,79;0;8,65;2,04;2
3;697;02-11-2004;60;20000; ;U;4,79;0;8,65;2,04;2
3;687;02-11-2004;60;22499; ;U;4,79;0;8,65;2,04;3
3;687;03-11-2004;60;24000; ;U;4,79;0;8,65;2,05;2
3;691;03-11-2004;60;25000; ;U;4,79;0;8,65;2,05;2
2;709;03-11-2004;60;25000; ;U;4,79;1;6,44;2,05;1
3;692;03-11-2004;60;25000; ;U;4,79;0;8,65;2,05;2
2;700;03-11-2004;60;18000; ;U;4,79;0;6,44;2,05;3
3;690;03-11-2004;60;22500; ;U;4,79;0;8,65;2,05;1
3;698;04-11-2004;60;19999; ;U;4,79;0;8,65;2,06;2
3;687;04-11-2004;60;25000; ;U;4,79;0;8,65;2,06;2
2;696;04-11-2004;60;25000; ;U;4,79;0;6,44;2,06;2
2;706;04-11-2004;60;21000; ;U;4,79;0;6,44;2,06;1
3;707;04-11-2004;60;25000; ;U;4,79;0;8,79;2,06;3
3;691;05-11-2004;60;20000; ;U;4,79;0;8,49;2,07;1
3;702;05-11-2004;60;20000; ;U;4,79;0;6,63;2,07;2
3;696;05-11-2004;60;18991; ;U;4,79;1;8,49;2,07;1
3;693;05-11-2004;60;25000; ;U;4,79;0;8,49;2,07;2
3;684;05-11-2004;60;25000; ;U;4,79;0;8,49;2,07;3
3;684;06-11-2004;60;20000; ;U;4,79;0;8,49;2,07;2
3;684;06-11-2004;60;18716; ;U;4,79;0;8,49;2,07;1
3;712;06-11-2004;60;18449; ;U;4,79;1;6,63;2,07;2
3;694;07-11-2004;60;20000; ;U;4,79;0;8,49;2,07;1
2;709;07-11-2004;60;25000; ;U;4,79;0;6,44;2,07;1
3;692;07-11-2004;60;20000; ;U;4,79;0;8,49;2,07;3
3;686;07-11-2004;60;20000; ;U;4,79;0;8,49;2,07;2
3;693;08-11-2004;60;20000; ;U;4,79;0;8,49;2,09;3
3;685;08-11-2004;60;25000; ;U;4,79;0;8,49;2,09;3
3;690;08-11-2004;60;22999; ;U;4,79;0;8,49;2,09;2
3;684;08-11-2004;60;21525; ;U;4,79;1;8,49;2,09;3
3;690;09-11-2004;60;20000; ;U;4,79;0;8,49;2,09;2
2;707;09-11-2004;60;23000; ;U;4,79;0;6,59;2,09;2
1;710;09-11-2004;60;23019; ;U;4,79;0;4,79;2,09;2
2;707;09-11-2004;60;21999; ;U;4,79;0;6,59;2,09;2
2;704;09-11-2004;60;25000; ;U;4,79;1;6,59;2,09;1
3;693;09-11-2004;60;18000; ;U;4,79;0;8,49;2,09;3
2;706;10-11-2004;60;21000; ;U;4,79;0;6,59;2,09;2
3;697;10-11-2004;60;25000; ;U;4,79;0;8,49;2,09;2
3;693;11-11-2004;60;25000; ;U;4,79;0;8,49;2,10;2
3;707;11-11-2004;60;23999; ;U;4,79;0;6,63;2,10;2
2;701;11-11-2004;60;25000; ;U;4,79;0;6,59;2,10;2
2;710;11-11-2004;60;21813; ;U;4,79;0;6,59;2,10;2
1;703;11-11-2004;60;22552; ;U;4,79;1;4,79;2,10;2
3;687;12-11-2004;60;20000; ;U;4,79;0;8,49;2,10;2
3;687;12-11-2004;60;23000; ;U;4,79;0;8,49;2,10;2
3;684;12-11-2004;60;23000; ;U;4,79;0;8,49;2,10;1
1;700;12-11-2004;60;23779; ;U;4,79;1;4,79;2,10;1
2;709;12-11-2004;60;18000; ;U;4,79;0;6,59;2,10;2
4;684;13-11-2004;60;20151; ;U;4,85;1;12,33;2,10;3
2;705;13-11-2004;60;23500; ;U;4,85;0;6,59;2,10;2
2;712;15-11-2004;60;18000; ;U;4,85;0;6,59;2,11;2
2;712;13-11-2004;60;20700; ;U;4,85;1;6,59;2,10;3
2;704;13-11-2004;60;20399; ;U;4,85;0;6,59;2,10;2
3;685;14-11-2004;60;25000; ;U;4,85;0;8,49;2,10;3
2;702;14-11-2004;60;24200; ;U;4,85;0;6,59;2,10;1
3;689;14-11-2004;60;19501; ;U;4,85;0;8,49;2,10;2
3;685;14-11-2004;60;22000; ;U;4,85;0;8,49;2,10;2
2;703;14-11-2004;60;20000; ;U;4,85;0;6,59;2,10;3
3;689;14-11-2004;60;22000; ;U;4,85;0;8,49;2,10;2
2;702;15-11-2004;60;21000; ;U;4,85;0;6,59;2,11;1
3;684;15-11-2004;60;25000; ;U;4,85;0;8,49;2,11;3
2;700;15-11-2004;60;20000; ;U;4,85;0;6,59;2,11;1
3;696;16-11-2004;60;20000; ;U;4,85;0;8,49;2,13;3
